Tweet_ID,Hastag
1365255289507840000,#covid19
1365255289667223552,#covid19
1365255289738563585,#CoronaVirus
1365255289738563585,#COVID19inIndia
1365255289738563585,#India
1365255289738563585,#Bot
1365255290032168961,#COVID
1365255290757672961,#COVID19
1365255290757672961,#Northumberland
1365255290757672961,#Coronavirus
1365255291063910404,#dontdrivethevirus
1365255291407912961,#queenelizabeth
1365255291407912961,#queen
1365255291407912961,#royal
1365255291407912961,#royalfamily
1365255291407912961,#covid
1365255291407912961,#vaccine
1365255291407912961,#coronavirus
1365255291697266689,#Scotland
1365255291697266689,#Coronavirus
1365255291697266689,#RememberFACTS
1365255292716523524,#COVID19
1365255312501006344,#MentalHealth
1365255312501006344,#Wellbeing
1365255312501006344,#Anxiety
1365255312501006344,#Awareness
1365255359741505536,#Coronavirus
1365255359741505536,#COVID19
1365255359741505536,#COVID19
1365255368247402498,#Covid19
1365255374161416200,#CoronavirusIndia
1365255381707063300,#BeSureBeSafe
1365255381707063300,#Covid19
1365255381707063300,#Coronavirus
1365255381707063300,#ExpressTest
1365255381707063300,#CovidTesting
1365255398236835844,#coronavirus
1365255411260149764,#COVID19
1365255411260149764,#EastSussex
1365255411260149764,#StayHomeStaySafe
1365255411260149764,#EastSussexTogether
1365255425021661184,#Covid19
1365255445363974146,#COVID19
1365255457590435840,#COVID19
1365255457590435840,#Brasil
1365255457590435840,#coronavirus
1365255460606074882,#USA
1365255460606074882,#COVID19
1365255460606074882,#coronavirus
1365255460606074882,#COVID
1365255463470825472,#PublicacionesMippCI
1365255474707193858,#CoronavirusIndia
1365255485184741379,#CovidVaccine
1365255485184741379,#Leeds
1365255490897379331,#EspecialCoronavirus
1365255490897379331,#COVID19
1365255495523708931,#COVID19
1365255497142718465,#scuole
1365255497142718465,#aneurisma
1365255497142718465,#covid
1365255553874866176,#infographic
1365255553874866176,#technologies
1365255553874866176,#healthcare
1365255553874866176,#Digitalhealth
1365255553874866176,#innovation
1365255553874866176,#healthtech
1365255553874866176,#health4all
1365255553874866176,#medicalhealth
1365255553874866176,#healthtech
1365255553874866176,#healthcare
1365255553874866176,#covid
1365255553874866176,#digitalhealth
1365255553874866176,#health
1365255553874866176,#medtech
1365255553874866176,#technology
1365255553874866176,#ai
1365255553874866176,#innovation
1365255553874866176,#coronavirus
1365255553874866176,#wearables
1365255553874866176,#tech
1365255553874866176,#startup
1365255553874866176,#wearabletech
1365255564561944576,#COVID19
1365255568009662466,#mascarilla
1365255589706797058,#coronavirus
1365255589706797058,#covid19
1365255589706797058,#pandemia
1365255589798969348,#COVID19
1365255589798969348,#coronavirus
1365255589798969348,#Brasil
1365255610774790145,#COVIDVaccines
1365255613274554371,#CovidVaccine
1365255618722988033,#COVID19
1365255618722988033,#coronavirus
1365255618722988033,#vaccinaItalia
1365255618722988033,#pfizer
1365255618722988033,#modernavaccine
1365255618722988033,#Covid19
1365255621768056834,#covid19
1365255621768056834,#covid19
1365255621768056834,#covid19brasil
1365255621768056834,#coronavirus
1365255621768056834,#covid
1365255621768056834,#ForaBolsonaro
1365255621768056834,#ForaBolsonaroGenocida
1365255621768056834,#ForaBolsonaroESeuBandoDeCriminosos
1365255621768056834,#ImpeachmentDeBolsonaroUrgente
1365255621768056834,#ImpeachmentSalvaVidas
1365255724713017346,#vacunas
1365255726684401664,#coronavirus
1365255726684401664,#covid19
1365255728340946945,#COVID19
1365255728340946945,#COVID
1365255728340946945,#COVIDvaccines
1365255728340946945,#COVID19Vaccine
1365255728340946945,#CoronavirusVaccine
1365255728340946945,#cor
1365255739577675777,#COVID19
1365255774973345792,#Eigenverantwortung
1365255774973345792,#Quarant√§ne
1365255774973345792,#Rostock
1365255774973345792,#Schule
1365255774973345792,#CoronaF√§lle
1365255774973345792,#B117
1365255774973345792,#Mutation
1365255774973345792,#DritteWelle
1365255774973345792,#COVID19
1365255774973345792,#Covid19
1365255774973345792,#Coronavirus
1365255866820292608,#PublicacionesMippCI
1365255926329073665,#cannabis
1365255926329073665,#marijuana
1365255926329073665,#cannabiscommunity
1365255990459969539,#Regierungen
1365256007371251714,#pakaimasker
1365256007371251714,#bersatulawancovid19
1365256007371251714,#COVID19
1365256007371251714,#corona
1365256007371251714,#coronavirus
1365256007371251714,#jaktv
1365256007371251714,#jakarta
1365256007371251714,#indonesia
1365256012329025541,#RT
1365256049935138816,#Airlines
1365256049935138816,#Survey
1365256049935138816,#lowcostairlines
1365256049935138816,#aviation
1365256049935138816,#coronavirus
1365256049935138816,#coronaviruspandemic
1365256049935138816,#coronavirusupdates
1365256049935138816,#COVID19
1365256049935138816,#coronaviruscrisis
1365256049935138816,#ttot
1365256051780632577,#Covid19
1365256053810733062,#CovidVaccine
1365256065986756611,#COVID19
1365256065986756611,#Vaccine
1365256065986756611,#UK
1365256070185254912,#nouvelles
1365256078800396289,#Covid19
1365256154062991360,#coronavirus
1365256154062991360,#corona
1365256154062991360,#covid19
1365256154062991360,#FFP2
1365256154062991360,#Impfstoff
1365256154062991360,#coronaimpfstoff
1365256154062991360,#maskenpflicht
1365256154062991360,#FFP2Masken
1365256154062991360,#corona2welle
1365256154062991360,#impfpflicht
1365256154062991360,#coronaimpfung
1365256154062991360,#quarant√§ne
1365256154062991360,#CoronaKontrollen
1365256154062991360,#CoronaTest
1365256172757012480,#COVID19
1365256262846271498,#Spidey
1365256262846271498,#SpiderMan
1365256262846271498,#PeterParker
1365256262846271498,#Marvel
1365256262846271498,#Avengers
1365256262846271498,#superhero
1365256262846271498,#cosplay
1365256262846271498,#Covid19
1365256262846271498,#COVID
1365256262846271498,#COVID19
1365256262846271498,#COVID19
1365256262846271498,#coronavirus
1365256262846271498,#pandemic
1365256262846271498,#pandemia
1365256319213572096,#Pfizer
1365256319213572096,#Covid19
1365256319213572096,#vaccine
1365256417935040514,#coronav√≠rus
1365256417935040514,#covid19
1365256417935040514,#Impostoderenda
1365256464881774592,#vaksin
1365256464881774592,#vaksincovid19
1365256464881774592,#vaksinasi
1365256464881774592,#covid
1365256464881774592,#covid19
1365256464881774592,#coronavirus
1365256464881774592,#jaktv
1365256464881774592,#optimis
1365256464881774592,#jakarta
1365256464881774592,#indonesia
1365256467125788680,#covid
1365256562231701514,#Coronavirus
1365256562504269829,#Gainsborough
1365256569609453569,#Coronavirus
1365256569609453569,#HandsFaceSpace
1365256569609453569,#COVID19
1365256575246602242,#HelpUsHelpYou
1365256581454172160,#COVID
1365256581454172160,#ProtectOurNHS
1365256581454172160,#StayHomeSaveLives
1365256581454172160,#KeepMertonSafe
1365256592736673795,#Covid19
1365256609778302979,#COVID19
1365256796835745794,#mapoli
1365256796835745794,#maedu
1365256838577553408,#LongCovid
1365256838577553408,#COVID19
1365256844562808832,#COVID19
1365256844562808832,#COVID19
1365256844562808832,#prisons
1365256849507942403,#COVID19
1365256849507942403,#prevention
1365256849507942403,#prisons
1365256901529907202,#BigLittleLies
1365256901529907202,#covid19
1365256917669588993,#SARSCOV2
1365256917669588993,#COVID19
1365256917669588993,#covid
1365256917669588993,#coronavirus
1365256917669588993,#pandemic
1365256917669588993,#research
1365256917669588993,#epidemiology
1365256955053285376,#covid19
1365256955053285376,#Myanmar
1365256955053285376,#WhatsHappeninglnMyanmar
1365256955053285376,#coronavirus
1365256968974307328,#YSCOVID19Info
1365256968974307328,#COVID19
1365256975584534529,#COVID19
1365257048502325252,#curriculum
1365257048502325252,#mentalhealth
1365257048502325252,#summerschool
1365257066923896834,#coronavirus
1365257066923896834,#COVID19
1365257066923896834,#CoronaVirusUpdates
1365257066923896834,#Covid19
1365257118786461701,#coronavirus
1365257118786461701,#COVID19
1365257118786461701,#COVID2020
1365257118786461701,#COVID19Pandemic
1365257118786461701,#CoronaUpdate
1365257118786461701,#CoronavirusOutbreak
1365257118786461701,#covid19uk
1365257163271200773,#COVID19
1365257178806894593,#curriculum
1365257178806894593,#mentalhealth
1365257200445308930,#COVID19
1365257200445308930,#Israel
1365257200445308930,#children
1365257200445308930,#coronavirus
1365257200445308930,#pregnantwomen
1365257251129339905,#COVID19
1365257251129339905,#Israel
1365257251129339905,#children
1365257387410653188,#COVID19
1365257403520933889,#Californian
1365257403520933889,#coronavirus
1365257403520933889,#whitehorse
1365257443568066560,#Coronavirus
1365257443568066560,#Politics
1365257443568066560,#UKnews
1365257444704755717,#JoeBiden
1365257444704755717,#Bidenadministration
1365257444704755717,#USnews
1365257533024309251,#COVID19
1365257550451638272,#COVID19
1365257561075834884,#DistinguishedSeminar
1365257561075834884,#Covid19
1365257626615910401,#COVID19
1365257626615910401,#Israel
1365257626615910401,#children
1365257712108462083,#Pandemia
1365257712108462083,#WoltersKluwerItalia
1365257712108462083,#Coronavirus
1365257712108462083,#Covid19
1365257775077539848,#COVID19
1365257812687818756,#MedTwitter
1365257812687818756,#medicine
1365257812687818756,#CancerResearch
1365257812687818756,#oncologyresearch
1365257812687818756,#breastcancer
1365257880308506624,#COVID19
1365257880308506624,#EastSussex
1365257887765979136,#COVID19
1365258002438225922,#COVID19
1365258002438225922,#prevention
1365258002438225922,#prisons
1365258067646971904,#COVID19
1365258067646971904,#Coronavirus
1365258067646971904,#Latinus
1365258067646971904,#Informaci√≥nParaT
1365258077721665538,#covid
1365258077721665538,#covid19
1365258077721665538,#corona
1365258169853829122,#COVID19
1365258171317641216,#Covid19
1365258223268331522,#ElDato
1365258223268331522,#COV
1365258257237831684,#CoronaVirus
1365258257237831684,#Covid19
1365258257237831684,#CoronaVaccination
1365258257237831684,#Certificate
1365258257237831684,#PMModi
1365258257237831684,#NarendraModi
1365258257237831684,#Photo
1365258258836049920,#PublicacionesMippCI
1365258310837035008,#PublicacionesMippCI
1365258311302455296,#covid19
1365258406639112195,#news
1365258406639112195,#NBA
1365258406639112195,#Fans
1365258406639112195,#FansInArenas
1365258406639112195,#CompetitiveAdvantage
1365258406639112195,#coronavirus
1365258406639112195,#COVID
1365258406639112195,#COVID19
1365258406639112195,#COVID19
1365258406639112195,#COVID„Éº19
1365258433428127746,#DIRECTO
1365258433428127746,#Covid
1365258453351092226,#Pfizer
1365258489631625217,#COVID19
1365258489631625217,#vaccine
1365258489631625217,#coronavirus
1365258489631625217,#IndiaFightsCOVID19
1365258489631625217,#CoronaVirusUpdates
1365258498972377092,#COVID19
1365258498972377092,#Vaksin
1365258498972377092,#Sinovac
1365258498972377092,#SatgasCovid19
1365258498972377092,#covid19update
1365258498972377092,#swab
1365258498972377092,#antigen
1365258498972377092,#Corona
1365258498972377092,#coronavirus
1365258498972377092,#ChusnuniaChalim
1365258498972377092,#lampostco
1365258546766622721,#COVID19
1365258546766622721,#NoBajemosLaGuardia
1365258549941665796,#COVID19
1365258550021341188,#COVID19
1365258550021341188,#Israel
1365258550021341188,#children
1365258558380466182,#CyberSecurity
1365258558380466182,#CoronaVirus
1365258558380466182,#CyberAttack
1365258558380466182,#Phishing
1365258558380466182,#Malware
1365258558380466182,#QAcycle
1365258568396656640,#LearningDisabilityNurse
1365258590232006669,#COVID19
1365258590232006669,#vaccine
1365258590232006669,#coronavirus
1365258590232006669,#IndiaFightsCOVID
1365258593998675975,#COVID19
1365258593998675975,#Israel
1365258593998675975,#children
1365258621555105794,#Thailand
1365258621555105794,#ThailandNews
1365258621555105794,#Coronavirus
1365258621555105794,#Covid19
1365258621555105794,#whatishappeninginthailand
1365258621936955392,#COVID19
1365258621936955392,#Israel
1365258621936955392,#children
1365258634205294597,#Pfizer
1365258666560151552,#COVID
1365258726282698757,#COVID19
1365258726282698757,#Vaksin
1365258726282698757,#Sinovac
1365258726282698757,#SatgasCovid19
1365258726282698757,#covid19update
1365258726282698757,#swab
1365258726282698757,#antigen
1365258726282698757,#Corona
1365258726282698757,#coronavirus
1365258726282698757,#guru
1365258726282698757,#lampostco
1365258742133104642,#Covid19‚§µÔ∏è
1365258745702473728,#PublicacionesMippCI
1365258749686861827,#COVID
1365258749686861827,#coronawarriors
1365258749686861827,#coronavirus
1365258771803561989,#Complot
1365258771803561989,#Mondial
1365258771803561989,#Coronavirus
1365258776551563266,#coronavirus
1365258776551563266,#VirusCorona
1365258776551563266,#COVID19
1365258776551563266,#CoronaVirusitaly
1365258776551563266,#Italia
1365258776551563266,#COVID19italia
1365258782562000896,#Pandemia
1365258787494453248,#coronavirus
1365258787494453248,#covid19
1365258787494453248,#covid
1365258787494453248,#pandemia
1365258787494453248,#coronavac
1365258817974525956,#PublicacionesMippCI
1365258848945209345,#vaccination
1365258848945209345,#Luxembourg
1365258848945209345,#ExpatNotesLux
1365258848945209345,#dataviz
1365258848945209345,#opendata
1365258848945209345,#COVID19
1365258848945209345,#Coronavirus
1365258848945209345,#COVID19vaccine
1365258879110680576,#COVID19
1365258879110680576,#NoBajemosLaGuardia
1365258887113359360,#COVID19
1365258890959585282,#COVID19
1365258893316804608,#BHbisnes
1365258893316804608,#coronavirus
1365258893316804608,#covid19
1365258974698868738,#coronavirus
1365258974698868738,#VirusCorona
1365258974698868738,#COVID19
1365258974698868738,#CoronaVirusCanada
1365258974698868738,#Canada
1365258974698868738,#CanadaCovid19
1365258974698868738,#CoronaVirusUpdates
1365258974698868738,#Coronavirusupdate
1365259053501456388,#BHnasional
1365259053501456388,#coronavirus
1365259053501456388,#covid19
1365259053501456388,#vaksin
1365259061562912768,#COVID19
1365259061562912768,#Northumberland
1365259061562912768,#Coronavirus
1365259061688606724,#Covid19
1365259061734727685,#Covid19
1365259063169331202,#Brasil
1365259063169331202,#Coronavirus
1365259091581534208,#bnews
1365259169331298305,#LearningDisabilityNurse
1365259175178207232,#Covid19
1365259175178207232,#coronavirus
1365259175178207232,#COVIDVaccine
1365259175178207232,#protagongr
1365259219927248896,#SouthAmerica
1365259219927248896,#COVID19
1365259219927248896,#Brazil
1365259219927248896,#COVID
1365259219927248896,#coronavirus
1365259219927248896,#Covaxin
1365259219927248896,#Indias
1365259224444530689,#coronavirus
1365259235844644865,#COVID19
1365259235844644865,#NoBajemosLaGuardia
1365259242177929219,#SouthAmerica
1365259242177929219,#COVID19
1365259242177929219,#Brazil
1365259242177929219,#COVID
1365259242177929219,#coronaviru
1365259256203800583,#CovidVaccine
1365259266412720129,#Coronav√≠rus
1365259323484622850,#Investimentos
1365259323484622850,#EthimosInvestimentos
1365259323484622850,#xpinvestimentos
1365259323484622850,#bolsadevalores
1365259323484622850,#b3
1365259323484622850,#coronavirus
1365259323484622850,#COVID19
1365259339666231300,#NHS
1365259339666231300,#COVID
1365259339666231300,#coronavirus
1365259339666231300,#BBCBreakfast
1365259339666231300,#ThisMorning
1365259339666231300,#TheOneShow
1365259345013915648,#LearningDisabilityNurse
1365259360184786945,#NHSPay15
1365259412349218822,#alcoholhandsanitizer
1365259412349218822,#covid19
1365259412349218822,#coronavirus
1365259412349218822,#corona
1365259412349218822,#handsanitizer
1365259412349218822,#shieldforcehandsanitizer
1365259412349218822,#sanitizer
1365259412349218822,#handsanitizerspray
1365259412349218822,#HygieneFirst
1365259412349218822,#covid
1365259412349218822,#StaySafe
1365259412349218822,#SafetyFirst
1365259412349218822,#antimicrobial
1365259412349218822,#cleaners
1365259475104407554,#Sarv
1365259475104407554,#COVID21
1365259475104407554,#NYC
1365259475104407554,#Mumbai
1365259475104407554,#coronavirus
1365259475104407554,#pandemic
1365259475104407554,#precautions
1365259475104407554,#SocialDistancing
1365259475104407554,#WearAMask
1365259475104407554,#Covid19
1365259482679422976,#bnews
1365259500991754244,#Bonaccini
1365259500991754244,#Borgonzoni
1365259500991754244,#EmiliaRomagna
1365259500991754244,#Bologna
1365259500991754244,#zonaarancionerafforzata
1365259500991754244,#zonarossa
1365259500991754244,#lockdown
1365259500991754244,#COVID
1365259500991754244,#coronavirus
1365259500991754244,#Lega
1365259500991754244,#Salvini
1365259500991754244,#Renzi
1365259525096374272,#Coronav√≠rus
1365259544843087872,#BHnasional
1365259565504229380,#WHO
1365259565504229380,#vaccination
1365259565504229380,#CovidVaccine
1365259565504229380,#coronavirus
1365259627353563141,#LearningDisabilityNurse
1365259681883705347,#coronavirus
1365259681883705347,#COVID19
1365259681883705347,#UK
1365259685016653825,#COVID19
1365259702452559874,#Covid19‚§µÔ∏è
1365259717908520960,#Senate
1365259717908520960,#Bidens
1365259717908520960,#coronavirus
1365259734404788229,#RKIStudie
1365259775907397632,#AlleenSamen
1365259780990803969,#WHO
1365259780990803969,#vaccination
1365259783142522885,#pandemiclife
1365259783142522885,#COVID19
1365259785885523968,#Video
1365259903208730624,#Legalaid
1365259903208730624,#lawfirms
1365259903208730624,#inquests
1365259903208730624,#lawyers
1365259903208730624,#legal
1365259991079337987,#ProducirEsVencer
1365259991079337987,#FelizJueves
1365260016643682304,#Covid19Hoy
1365260047131938818,#BHnasional
1365260053339639811,#absencemanagement
1365260053339639811,#staffabsence
1365260053339639811,#officeabsence
1365260118171021313,#Sinopharm
1365260143701749764,#coronavirus
1365260155416379392,#COVID19
1365260166350966784,#COVID19
1365260166350966784,#BRASIL
1365260206008074240,#Mexico
1365260206008074240,#COVID19
1365260206008074240,#coronavirus
1365260206008074240,#COVID
1365260297540431872,#PublicacionesMippCI
1365260319896043520,#COVID19
1365260328972529665,#PublicacionesMippCI
1365260338749444098,#opovomais
1365260363697057793,#coronavirus
1365260398388248576,#Russia
1365260457108336646,#Washingtonstate
1365260457108336646,#Coronavirus
1365260457108336646,#USnews
1365260457108336646,#Facebook
1365260463676612608,#covid19
1365260463676612608,#Myanmar
1365260463676612608,#WhatsHappeninglnMyanmar
1365260463676612608,#coronavirus
1365260639543779331,#UK
1365260639543779331,#news
1365260701351174144,#COVID
1365260701351174144,#NY
1365260701351174144,#OPWDD
1365260701351174144,#disabilities
1365260701351174144,#developmentaldisabilities
1365260701351174144,#autism
1365260701351174144,#Cuomo
1365260750734950402,#COVID19
1365260750734950402,#COVID
1365260750734950402,#COVIDxBlackCommunity
1365260750734950402,#COVID„Éº19
1365260752974712833,#PfizerBioNTech
1365260752974712833,#vaccine
1365260752974712833,#co
1365261145397989379,#coronavirus
1365261175911559169,#COVID19
1365261206274142209,#Covid19
1365261206274142209,#COVID19ireland
1365261206274142209,#Covid19
1365261215992340481,#SARSCOV2
1365261215992340481,#COVID19
1365261215992340481,#covid
1365261215992340481,#coronavirus
1365261215992340481,#pandemic
1365261215992340481,#research
1365261215992340481,#vaccine
1365261250381365250,#coronavirus
1365261284296466433,#PublicacionesMippCI
1365261285122859013,#SanidadHoy
1365261286796390401,#coronavirus
1365261286796390401,#COVID„Éº19
1365261385232441344,#covid19
1365261385232441344,#hospitals
1365261385232441344,#fluseason
1365261385232441344,#facemask
1365261385232441344,#nosemask
1365261385232441344,#surgicalmask
1365261385232441344,#coronavirus
1365261431122386945,#StayHomeSaveLives
1365261431122386945,#DoYourBit
1365261499514695684,#COVID19
1365261499514695684,#EastSussex
1365261509723586560,#Aruba
1365261509723586560,#Bonaire
1365261509723586560,#coronavirus
1365261509723586560,#cura√ßao
1365261509723586560,#nieuws
1365261560961204226,#Coronavirus
1365261594448527364,#coronavirus
1365261594448527364,#covid19
1365261594448527364,#pandemia
1365261595501334528,#DIRECTO
1365261595501334528,#Galicia
1365261595501334528,#Covid
1365261653781184518,#coronavirus
1365261653781184518,#UK
1365261737579212800,#COVID19
1365261754771640321,#poverty
1365261782642794496,#CORONAV√çRUS
1365261782894395392,#CORONAV√çRUS
1365261804000133122,#Legislaci√≥n
1365261812288094211,#coronavirus
1365261820496400388,#COVID19
1365261844508770304,#PublicacionesMippCI
1365261854885437443,#nubnews
1365261854885437443,#nubit
1365261854885437443,#news
1365261854885437443,#ealing
1365261854885437443,#southafricanvariant
1365261854885437443,#COVID19
1365261854885437443,#coronavirus
1365261890872610819,#coronaviruses
1365261890872610819,#vaccine
1365261923516878853,#COVID19
1365261923516878853,#coronavirus
1365261986804736002,#COVID19
1365261986804736002,#Stockholm
1365261986804736002,#stockholmregion
1365261986804736002,#v√•rd
1365261986804736002,#sjukv√•rd
1365261986804736002,#coronavirus
1365261986804736002,#CoronaVirusSverige
1365262004462751745,#COVID19
1365262004462751745,#coronavirus
1365262004462751745,#corona
1365262016458457088,#CoronavirusArgentina
1365262022250741762,#VacunaCOVID19
1365262022250741762,#vacunas
1365262022250741762,#vaccine
1365262022250741762,#VaccinesWork
1365262027929882630,#Coronavirus
1365262027929882630,#Sant√©
1365262038424039426,#Coronavirus
1365262044031823872,#PublicacionesMippCI
1365262092748484611,#covid19WA
1365262092748484611,#auspol
1365262092748484611,#westernaustralia
1365262092748484611,#coronavirus
1365262110788382722,#Democrats
1365262110788382722,#LarcenousClass
1365262112197644288,#Coronavirus
1365262112197644288,#COVID19
1365262112197644288,#VaccineSafetyAdvocate
1365262112197644288,#Vaccine
1365262112197644288,#CovidVaccine
1365262226660208641,#COVIDPERSISTENTE
1365262237099831297,#COVID19
1365262237099831297,#Catalunya
1365262237099831297,#coronavirus
1365262237099831297,#COVID
1365262254887874561,#COVID19
1365262254887874561,#COVID19
1365262254887874561,#coronavirus
1365262285623742464,#SantCugat
1365262343504994305,#NoticiasMadrid
1365262343504994305,#CoronavirusCovid19
1365262358092865536,#lareunion
1365262364635987968,#folha
1365262386979037186,#Coronav√≠rus
1365262386979037186,#BandNewsFM
1365262410106499078,#Covid
1365262410106499078,#Coronavirus
1365262419073843203,#VacunasCOVID19
1365262419073843203,#VacunasCovid
1365262419073843203,#Vacunacion
1365262419073843203,#coronavirus
1365262419073843203,#COVID19
1365262419073843203,#Covid19
1365262419073843203,#Radio
1365262419073843203,#UNLP
1365262419073843203,#LaPlata
1365262584769777666,#COVID19vaccination
1365262584769777666,#CoWIN
1365262584769777666,#COVID19
1365262584769777666,#COVID19
1365262584769777666,#COVID19
1365262584769777666,#COVID
1365262584769777666,#COVID„Éº19
1365262584769777666,#coronavirus
1365262623420293121,#COVID19
1365262623420293121,#Israel
1365262623420293121,#children
1365262624057876480,#Coronavirus
1365262624057876480,#Meng√≠bar
1365262624057876480,#Ja√©n
1365262624057876480,#Andaluc√≠a
1365262624057876480,#Espa√±a
1365262624057876480,#Sanidad
1365262624057876480,#Salud
1365262624057876480,#COVID19
1365262638440206336,#Pasteur
1365262638440206336,#Fr√©d√©ricTangy
1365262638440206336,#SarsCoV1
1365262666843963400,#COVID19
1365262692152446982,#PublicacionesMippCI
1365262838227341313,#Provincia
1365262838692896769,#passeport
1365262838692896769,#coronavirus
1365262838692896769,#nucl√©aire
1365262838692896769,#oligarque
1365262838692896769,#viande
1365262838764347398,#sunrisers
1365262839636721665,#COVID19
1365262844460212226,#COVID19
1365262844460212226,#Catalunya
1365262844460212226,#coronavirus
1365262844460212226,#COVID
1365262849455448066,#covid
1365262849455448066,#corona
1365262849455448066,#covid19
1365262850038640640,#Covid19
1365262856825036805,#GettingThroughTogether
1365262856825036805,#Care
1365262856825036805,#Covid19
1365262908293324801,#Coronavirus
1365262908293324801,#COVID19
1365262908293324801,#COVID19
1365262919651319820,#COVID19
1365262925263482890,#CORONAVIRUS
1365262933043924994,#Covid19
1365262968645058560,#NoticiasMadrid
1365262968645058560,#CoronavirusCovid19
1365262974345175041,#Covid19
1365262974345175041,#Covid19
1365262974345175041,#Veneto
1365262974345175041,#Covid19
1365262974345175041,#pandemia2020
1365262974345175041,#COVID19
1365262974345175041,#coronavirus
1365262974345175041,#Veneto
1365262974345175041,#tgvenetonews
1365263005454397444,#Monterrasol
1365263005454397444,#travel
1365263005454397444,#privatetours
1365263005454397444,#customizedtours
1365263005454397444,#multidaytours
1365263005454397444,#roadtrips
1365263005454397444,#tour
1365263005454397444,#quote
1365263005454397444,#fridaymorning
1365263005454397444,#FridayMotivation
1365263005454397444,#FridayThoughts
1365263005454397444,#FridayVibes
1365263005454397444,#COVID19
1365263005454397444,#COVID
1365263005454397444,#coronavirus
1365263005454397444,#corona
1365263005454397444,#StayHome
1365263005454397444,#StaySafe
1365263005454397444,#Motivation
1365263005454397444,#Inspired
1365263068876460032,#Coronav√≠rus
1365263070700974084,#sa√∫de
1365263070700974084,#coronav√≠rus
1365263070700974084,#alemanha
1365263070700974084,#internacional
1365263072089305088,#PortaliG
1365263102640418818,#suvichar
1365263102640418818,#sadvichar
1365263102640418818,#dailyquotes
1365263102640418818,#kundaldham
1365263102640418818,#karelibaugvadodara
1365263102640418818,#chestha
1365263102640418818,#swa
1365263112220401665,#NorthantsTogether
1365263126124396546,#BHnasional
1365263182600826882,#COVID19
1365263190754492419,#Boris
1365263190754492419,#Businesses
1365263197570281472,#SanidadHoy
1365263198576852993,#PortaliG
1365263212392960004,#Coronav√≠rus
1365263276284776453,#coronavirus
1365263276284776453,#UK
1365263300024557568,#WHO
1365263300024557568,#vaccination
1365263305040818176,#SleeveUp
1365263305040818176,#COVID19
1365263313777655813,#COVID19Vaccine
1365263313777655813,#COVID19
1365263313777655813,#coronavirus
1365263313777655813,#vaccine
1365263313777655813,#grateful
1365263313777655813,#GetVaccinated
1365263314872336389,#Europe
1365263314872336389,#China
1365263314872336389,#Infections
1365263314872336389,#Britain
1365263314872336389,#CDC
1365263314872336389,#WHO
1365263314872336389,#COVID19
1365263314872336389,#VirusCrisis
1365263314872336389,#USA
1365263314872336389,#Pandemic
1365263314872336389,#DrAnthonyFauci
1365263314872336389,#Testing
1365263314872336389,#Mandates
1365263314872336389,#Masks
1365263314872336389,#Deaths
1365263314872336389,#Vaccine
1365263314872336389,#Variants
1365263323655151616,#Ever
1365263355758456832,#COVID19
1365263355758456832,#Catalunya
1365263355758456832,#coronavirus
1365263355758456832,#COVID
1365263425551667201,#Coronav√≠rus
1365263498775773185,#passeport
1365263498775773185,#coronavirus
1365263507428679680,#Coronav√≠rus
1365263520556802049,#eHealth
1365263520556802049,#COVID
1365263520556802049,#podcasts
1365263520556802049,#TuFarmaciaTeAyuda
1365263520556802049,#FelizViernesATodos
1365263619945095174,#YSCOVID19Info
1365263619945095174,#COVID19
1365263654338330624,#Covid19
1365263654338330624,#Moselle
1365263654338330624,#Metz
1365263654338330624,#Thionville
1365263655101603842,#WHO
1365263655101603842,#vaccination
1365263704632090630,#COVID19vaccination
1365263704632090630,#CoWIN
1365263712861511681,#corona
1365263808462270465,#Coronavirus
1365263816087523329,#lockdown
1365263816087523329,#diversity
1365263827005235203,#office
1365263827005235203,#SmallBizFridayUK
1365263834466848771,#influencer
1365263834466848771,#COVID19
1365263834466848771,#coronavirus
1365263834466848771,#vaccine
1365263834466848771,#WandaVision
1365263834466848771,#fridaymorning
1365263834466848771,#Tigerwoods
1365263842347999234,#ivermectina
1365263843308433409,#COVIDTracker
1365263843308433409,#COVID19
1365263875818594306,#covid19
1365263875818594306,#coronavirus
1365263915119235072,#PublicacionesMippCI
1365263930298368001,#Pol√≠tica
1365263930298368001,#Pandemia
1365263930298368001,#coronavirus
1365263930298368001,#COVID19
1365263944030511111,#MonsieurJeSaisTout
1365263944030511111,#Macron
1365263944030511111,#sant√©
1365263944030511111,#Confinement
1365263944030511111,#Coronavirus
1365263944030511111,#Virus
1365263969171218435,#COVIDTracker
1365263969171218435,#COVID19
1365263976406343681,#coronavirus
1365263986980192256,#HMRC
1365264014188695555,#Friday
1365264014188695555,#TGIF
1365264014188695555,#sharelove
1365264014188695555,#funfilledactivities
1365264014188695555,#memorableweekend
1365264014188695555,#weekendvibes
1365264014188695555,#endoftheweek
1365264014188695555,#connectonline
1365264014188695555,#havefunvirtually
1365264014188695555,#staysafe
1365264014188695555,#maskup
1365264014188695555,#covid19
1365264014188695555,#coronavirus
1365264014188695555,#pandemic
1365264014947848194,#COVID19
1365264014947848194,#Catalunya
1365264014947848194,#coronavirus
1365264014947848194,#COVID
1365264018982793218,#coronavirus
1365264018982793218,#Dorset
1365264018982793218,#Blandford
1365264018982793218,#Swanage
1365264032236732419,#Corona
1365264041590063107,#Coronav√≠rus
1365264109013512195,#CORONAVIRUS
1365264109013512195,#COVID19
1365264204576546817,#Coronavirus
1365264204576546817,#Virus
1365264205264388096,#coronavirus
1365264205264388096,#Timis
1365264346511794176,#COVID
1365264346511794176,#coronavirus
1365264346511794176,#education
1365264364962525184,#COVID19
1365264410864836613,#COVID19
1365264472386854912,#COVID
1365264472386854912,#coronavirus
1365264472386854912,#education
1365264602800549889,#Coronavirus
1365264602800549889,#France
1365264643275579394,#vaccine
1365264643275579394,#barnet
1365264643275579394,#ncl
1365264748200095749,#SmartNews
1365264764721635328,#COVID19Vaccine
1365264780936638467,#ExplainExplainExplain
1365264780936638467,#BIDASolusyon
1365264780936638467,#BeatCOVID19
1365264842765049858,#CatherineGotani
1365264842765049858,#Coronavirus
1365264876386492417,#SmartNews
1365264911195131909,#finance
1365265015910105096,#COVID19
1365265015910105096,#EastSussex
1365265078455586816,#coronavirus
1365265078455586816,#Euskadi
1365265078455586816,#Bizkaia
1365265078455586816,#Gipuzkoa
1365265087041318912,#COVID19
1365265087041318912,#Laurentides
1365265087041318912,#coronavirus
1365265087041318912,#sant√©
1365265112483975169,#COVID19
1365265112483975169,#Coronavirus
1365265112483975169,#StayHome
1365265116577554434,#COVID19Vaccine
1365265118314045440,#COVID19
1365265118314045440,#coronavirus
1365265118314045440,#vaccine
1365265118314045440,#vaccination
1365265118314045440,#prevention
1365265118314045440,#publichealth
1365265140447391744,#COVID19
1365265152619249670,#COVIDVaccine
1365265152619249670,#barnet
1365265152619249670,#covid
1365265156851302405,#COVID19Vaccine
1365265160105988096,#mask
1365265160105988096,#Taiwanese
1365265164606574594,#COVID
1365265164606574594,#COVID19
1365265164606574594,#Coronavirus
1365265164606574594,#COVIDVaccine
1365265164606574594,#Plandemic
1365265164606574594,#Scam
1365265164606574594,#Covid19UK
1365265166842085381,#covid
1365265166842085381,#Milano
1365265183141228544,#COVID19Vaccine
1365265196693020674,#COVID19
1365265204070608896,#COVID19vaccination
1365265204070608896,#CoWIN
1365265237000208386,#Democrats
1365265237000208386,#COVID
1365265237000208386,#US
1365265237000208386,#Senate
1365265344068263940,#COVID19Vaccine
1365265350565191682,#COVID19
1365265350565191682,#vaccine
1365265352670777344,#coronavirus
1365265352670777344,#m√°scara
1365265353455116289,#coronavirus
1365265365652172801,#Allemagne
1365265372509663237,#dicapipa
1365265372509663237,#dicadeleitura
1365265372509663237,#digital
1365265372509663237,#coronavirus
1365265372509663237,#Covid19
1365265379182972928,#Democrats
1365265379182972928,#COVID
1365265379182972928,#US
1365265379182972928,#Senate
1365265456672747521,#COVID19Vaccine
1365265480718688261,#COVID19
1365265527854227460,#COVID19Vaccine
1365265558229417987,#COVID19
1365265558229417987,#cancer
1365265586608107520,#workingtogether
1365265586608107520,#stayathome
1365265587086237696,#CaricaturaDelDia
1365265587086237696,#ARS
1365265587086237696,#COVID19
1365265587086237696,#copago
1365265587086237696,#cobertura
1365265587086237696,#cartoon
1365265587086237696,#cristianCaricaturas
1365265587086237696,#coronavirus
1365265587086237696,#caricatura
1365265595923640323,#coronavirus
1365265663107956743,#Allemagne
1365265663691026434,#HMRC
1365265666987732997,#COVID19Vaccine
1365265698373656576,#coronavirus
1365265779235635205,#Corona
1365265784373657601,#Lituanie
1365265797434736644,#Tonga
1365265810256723970,#PublicacionesMippCI
1365265810634203139,#Corona
1365265823879860225,#NoticiasBBC
1365265826597773315,#COVID19
1365265826597773315,#vaccine
1365265827147227136,#QNA
1365265830674587650,#Ukraine
1365265836034953221,#science
1365265845107179525,#Jordanie
1365265856452722690,#Brasil
1365265859191726080,#coronavirus
1365265888501497858,#COVID19
1365265888501497858,#vaccine
1365265891680780290,#COVID19
1365265891680780290,#coronavirus
1365265891680780290,#corona
1365265893647859712,#Su√®de
1365265911104552960,#Caricatur
1365265938912788481,#Luxembourg
1365265950514233347,#COVID19
1365265950514233347,#vaccine
1365265953127358464,#COVID19
1365265953127358464,#cancer
1365265954041712641,#PaysBas
1365266007271555073,#Coronavirus
1365266016582909955,#NHS
1365266039051870209,#Caricatur
1365266047335600130,#Coronav√≠rus
1365266060925145090,#Brasil
1365266063898914816,#Coronav√≠rus
1365266075844231168,#Risaralda
1365266077391855616,#Health
1365266077391855616,#ThunderBay
1365266077391855616,#OntarioSchools
1365266077391855616,#LakeheadPublicSchools
1365266077391855616,#JanetDemille
1365266077391855616,#Covid19VariantsInSchools
1365266077391855616,#Covid19Variants
1365266077391855616,#Covid19
1365266077391855616,#CoronavirusUpdate
1365266077391855616,#CoronavirusCases
1365266077391855616,#Coronavirus
1365266090511638528,#COVID19
1365266090511638528,#vaccine
1365266113198653443,#SmartNews
1365266116872794119,#covid19
1365266116872794119,#SARSCOV2
1365266116872794119,#coronavirus
1365266147214524419,#COVID19
1365266147214524419,#vaccine
1365266153753485312,#Leronlimab
1365266165950521347,#Brasil
1365266183914684417,#PublicacionesMippCI
1365266193452523520,#Pfizer
1365266198041133059,#NHS
1365266211945250817,#COVID19Vaccine
1365266212561764354,#coronavirus
1365266220140933122,#NewYorkState
1365266220140933122,#VeteransHomeAtStAlbans
1365266220140933122,#hydroxychloroquine
1365266220140933122,#azithromycin
1365266220140933122,#covid19
1365266220140933122,#coronavirus
1365266230374989824,#COVID19
1365266230374989824,#vaccine
1365266233122242562,#COVID19Vaccine
1365266268706787336,#BAME
1365266275686100992,#COVID19Vaccine
1365266293348315137,#Brasil
1365266331797508096,#Covid19
1365266360876597252,#COVID19
1365266360876597252,#cancer
1365266369302921216,#COVID19
1365266369302921216,#Coronavirus
1365266369302921216,#StayHome
1365266374080278529,#COVID19
1365266393629884420,#COVID19
1365266393629884420,#vaccine
1365266394179338240,#NHS
1365266408888803331,#Brasil
1365266419768770561,#COVID19
1365266419768770561,#vaccine
1365266421278777348,#COVID19
1365266421278777348,#Coronavirus
1365266421278777348,#EuropeanUnion
1365266431974195203,#Caricatur
1365266433161252866,#COVID19
1365266433161252866,#vaccine
1365266473569177601,#MotilladelPalancar
1365266473569177601,#coronavirus
1365266473569177601,#Cuenca
1365266473569177601,#datos
1365266486017761280,#Finland
1365266486017761280,#COVID19
1365266486017761280,#COVID
1365266486017761280,#coronavirus
1365266500257472512,#COVID19
1365266500257472512,#vaccine
1365266526438359040,#personalassistants
1365266526438359040,#carers
1365266528199966723,#COVID19Vaccine
1365266557719498754,#UAE
1365266557719498754,#coronavirus
1365266582050635778,#COVID19
1365266592850976771,#Brasil
1365266611561660419,#covid19
1365266611649699849,#CoronaVirus
1365266611649699849,#Bologna
1365266611649699849,#RadioBruno
1365266611754709003,#covid19
1365266624761241603,#COVID19
1365266624761241603,#vaccine
1365266626418012163,#Darlingtonüìç
1365266630155059200,#COVID19
1365266630155059200,#NoBajemosLaGuardia
1365266637394477061,#coronavirus
1365266637394477061,#Dorset
1365266637394477061,#Blandford
1365266637394477061,#Swanage
1365266675239632907,#COVID19
1365266675239632907,#vaccine
1365266676435017729,#COVID19Vaccine
1365266707946815496,#COVID19Vaccine
1365266714133422082,#PublicacionesMippCI
1365266725302845440,#Brasil
1365266729711120387,#Legalaid
1365266729711120387,#lawfirms
1365266729711120387,#inquests
1365266737273389060,#covid19
1365266737306996737,#CoronaVirus
1365266737306996737,#Bologna
1365266737306996737,#RadioBruno
1365266737709506562,#covid19
1365266756525314050,#COVID19Vaccine
1365266759549386752,#PublicacionesMippCI
1365266759985545217,#ADOS
1365266805418201096,#COVID19
1365266818705801217,#PublicacionesMippCI
1365266823613153283,#Coronav√≠rus
1365266851870220292,#Corona
1365266864381845504,#COVID
1365266864381845504,#pandemia
1365266864381845504,#coronavirus
1365266864381845504,#aindanaoacabou
1365266864381845504,#Covid19
1365266883965038592,#COVIDVaccine
1365266883965038592,#Haringey
1365266885252677633,#COVID19
1365266885252677633,#coronavirus
1365266885252677633,#corona
1365266901165699077,#US
1365266901165699077,#Navy
1365266901165699077,#Covid19
1365266914704941061,#CoronaVirus
1365266914704941061,#Covid19
1365266914704941061,#CoronaVaccination
1365266914704941061,#Certificate
1365266914704941061,#PMModi
1365266914704941061,#NarendraModi
1365266914704941061,#Photo
1365266920489037827,#CoronaVirus
1365266920489037827,#Bologna
1365266920489037827,#RadioBruno
1365266921952858115,#coronavirus
1365266927237685252,#coronavirus
1365266937673109505,#Caricatur
1365266941246595072,#D√≠aAD√≠a
1365266941246595072,#coronavirus
1365266941246595072,#Radiograf√≠a
1365266941246595072,#COVID19
1365266941246595072,#Covid19
1365266941246595072,#COVID
1365266982581514244,#COVID19Vaccine
1365267029935206403,#coronavirus
1365267029935206403,#COVID19
1365267029935206403,#Bosnia
1365267030555959296,#COVID19
1365267030555959296,#CzechRepublic
1365267030555959296,#COVID
1365267030555959296,#coronavirus
1365267031734509568,#COVID19
1365267031734509568,#coronavirus
1365267031734509568,#Covid19
1365267031734509568,#COVID„Éº19
1365267101015969792,#Caricatur
1365267107462713344,#COVID19
1365267107462713344,#vaccine
1365267132070719491,#coronavirus
1365267132070719491,#covid19
1365267132750118913,#COVID19
1365267132750118913,#Catalunya
1365267132750118913,#coronavirus
1365267132750118913,#COVID
1365267143395340290,#PublicacionesMippCI
1365267173288144897,#COVID19
1365267173288144897,#vaccine
1365267181051772928,#MencapTV
1365267195958206465,#COVID19
1365267195958206465,#vaccine
1365267251583213570,#COVID19
1365267251583213570,#vaccine
1365267263763472386,#coronavirus
1365267264891682817,#Brasil
1365267301314953219,#TGNDigital
1365267330645647369,#India
1365267330645647369,#indians
1365267330645647369,#MoteraCricketStadium
1365267330645647369,#Tribbing
1365267330645647369,#TREASURE
1365267330645647369,#Trending
1365267330645647369,#Trump
1365267330645647369,#US
1365267330645647369,#USA
1365267330645647369,#Biden
1365267330645647369,#modi
1365267330645647369,#Indiavs
1365267345799860224,#COVID19Vaccine
1365267418524884994,#blackchildren
1365267418524884994,#Coronavirus
1365267423931293697,#vivirEdiciones
1365267425181188096,#D√≠aAD√≠a
1365267425181188096,#coronavirus
1365267425181188096,#Radiograf√≠a
1365267438284242945,#nouvelles
1365267452502941696,#Covid19
1365267459012501512,#COVID19
1365267459058630661,#nouvelles
1365267478591524864,#PRITIPATEL
1365267484492763136,#SleeveUp
1365267484492763136,#COVID19
1365267486774616068,#COVID19
1365267486774616068,#vaccine
1365267487751884806,#GettingThroughTogether
1365267487751884806,#Care
1365267487751884806,#Covid19
1365267508530475012,#COVID19
1365267508530475012,#vaccine
1365267582497021952,#COVID19
1365267582497021952,#vaccine
1365267586166837250,#COVID19
1365267586166837250,#coronavirus
1365267598473125889,#D√≠aAD√≠a
1365267598473125889,#coronavirus
1365267598473125889,#Radiograf√≠a
1365267640592306180,#Europia
1365267640592306180,#covid19
1365267640592306180,#NationalLottery
1365267651036123142,#BHnasional
1365267651036123142,#coronavirus
1365267651036123142,#covid19
1365267651036123142,#PKP
1365267690772815872,#Coronavirus
1365267703284563973,#COVID19
1365267744850116610,#Gobierno
1365267744850116610,#Nacional
1365267744850116610,#vacuna
1365267763120455687,#COVID19
1365267763120455687,#vaccine
1365267778513600512,#Europeagainstcovid
1365267778513600512,#StaySafe
1365267778513600512,#Italia
1365267778513600512,#Malta
1365267778513600512,#COVID19
1365267779289513984,#COVID19Vaccine
1365267788000948224,#WHO
1365267788000948224,#vaccination
1365267789355888644,#Yuge
1365267789355888644,#NotSorry
1365267789355888644,#JohnGeddert
1365267789355888644,#HumanTrafficking
1365267789355888644,#Death
1365267789355888644,#Suicide
1365267789355888644,#COVID19
1365267789355888644,#CoronaVirus
1365267789355888644,#COVID
1365267789355888644,#Pandemic
1365267789355888644,#Michigan
1365267789355888644,#Gymnastics
1365267789355888644,#Olympics
1365267789355888644,#OlympicsCoach
1365267807806480386,#covid19
1365267807806480386,#auspol
1365267807806480386,#coronavirus
1365267808771338242,#PublicacionesMippCI
1365267815016579072,#Bolsonaro
1365267841876852738,#COVID19
1365267841876852738,#health
1365267841876852738,#pathology
1365267853486645248,#ExplainExplainExplain
1365267853486645248,#BIDASolusyon
1365267853486645248,#BeatCOVID19
1365267869857062912,#COVID„Éº19
1365267869857062912,#coronavirus
1365267869857062912,#coronavirusnobrasil
1365267869857062912,#RedeTVNews
1365267870972715010,#PublicacionesMippCI
1365267871815852041,#COVID19Vaccine
1365267877058732033,#Co
1365267932377448449,#COVID19Vaccine
1365267932956262400,#covid
1365267945497260032,#Corona
1365267947279818752,#COVID19
1365267959632039942,#COVID19
1365267959632039942,#vaccine
1365267974282747904,#PublicacionesMippCI
1365267989788979210,#coronavirus
1365267989788979210,#guidelines
1365267989788979210,#MHA
1365267995652669442,#COVID„Éº19
1365267995652669442,#coronavirus
1365267995652669442,#coronavirusnobrasil
1365267995652669442,#RedeTVNews
1365267997133320193,#orthodoxtimes
1365267998169309184,#COVID19
1365267998169309184,#vaccine
1365268016812933120,#covid
1365268016812933120,#coronavirus
1365268017643421699,#covid
1365268017643421699,#coronavirus
1365268137982197764,#makesnosense
1365268137982197764,#vaccine
1365268161558237191,#COVID19
1365268161558237191,#vaccine
1365268189660270594,#COVID19Vaccination
1365268189660270594,#Phase2
1365268189660270594,#vaccine
1365268236342804480,#COVID19
1365268504300171267,#COVID19
1365268522495074310,#Europe
1365268522495074310,#COVID19
1365268522495074310,#France
1365268522495074310,#Germany
1365268522495074310,#Poland
1365268522495074310,#coronavirus
1365268522495074310,#Hungary
1365268522495074310,#COVID
1365268541297942528,#indianews
1365268541297942528,#india
1365268541297942528,#news
1365268541297942528,#covid
1365268541297942528,#delhi
1365268541297942528,#newsindia
1365268541297942528,#aajtak
1365268541297942528,#bjp
1365268541297942528,#coronavirus
1365268541297942528,#indian
1365268541297942528,#dailynews
1365268541297942528,#breakingnews
1365268541297942528,#newsupdate
1365268541297942528,#hindinews
1365268541297942528,#haryana
1365268541297942528,#dainikbhaskar
1365268541297942528,#zeenews
1365268541297942528,#instagram
1365268550752043009,#covid
1365268550752043009,#vaccine
1365268602753015808,#COVID19
1365268689902182405,#Brazils
1365268689902182405,#COVID19
1365268710357749762,#IndiaFightsCorona
1365268710357749762,#COVID
1365268710357749762,#StaySafe
1365268710357749762,#Unite2FightCorona
1365268749696135171,#covid19
1365268749696135171,#Myanmar
1365268749696135171,#WhatsHappeninglnMyanmar
1365268749696135171,#coronavirus
1365268768419577857,#CoronaVirus
1365268768419577857,#COVID19StatisticsofTokyo
1365268768419577857,#COVID19calendar
1365268768419577857,#COVID19Japan
1365268768419577857,#COVID„Éº19
1365268768419577857,#COVID19
1365268847297662976,#BREAKING
1365268858706223106,#COVID19
1365268875852587010,#CovidVaccine
1365268879715491840,#COVID19Vaccine
1365268887458222082,#Coronavirus
1365268887458222082,#COVID19
1365268898245840896,#coronavirus
1365268911944437760,#IndiaFightsCorona
1365268911944437760,#COVI
1365268934673403904,#IndiaFightsCorona
1365268934673403904,#COVI
1365268938259636226,#CORONAVIRUS
1365268938259636226,#C√≥rdobaEsp
1365268965501652992,#PublicacionesMippCI
1365268970652246018,#covid
1365268983142825984,#PatriotasEnUnidad
1365269032782422016,#coronavirus
1365269032782422016,#COVID19
1365269032782422016,#Wales
1365269104442155011,#coronavirus
1365269104442155011,#vaccine
1365269104442155011,#pregnant
1365269104442155011,#vaccinated
1365269104442155011,#COVID19
1365269104442155011,#COVID19Vaccine
1365269104442155011,#COVID
1365269125388505088,#covid19
1365269125388505088,#coronavirus
1365269142866165767,#COVID19
1365269142866165767,#EastSussex
1365269147865681921,#IndiaFightsCorona
1365269147865681921,#COVI
1365269154211725312,#COVID19
1365269154211725312,#vaccine
1365269192879058949,#RT
1365269192879058949,#lareunion
1365269226232102914,#PublicacionesMippCI
1365269264429699077,#COVIDAlert
1365269315184902144,#LearningDisabilityNurse
1365269319995826177,#Covid19‚§µÔ∏è
1365269326178230273,#hospitales
1365269326178230273,#UCIs
1365269326178230273,#Euskadi
1365269326178230273,#COVID19
1365269326178230273,#Gipuzkoa
1365269326178230273,#coronavirus
1365269328178917378,#lockdown
1365269328178917378,#diversity
1365269336940818432,#COVID19
1365269349112684548,#svezia
1365269349112684548,#ue
1365269349112684548,#politica
1365269349112684548,#coronavirus
1365269349112684548,#covid
1365269349112684548,#universit√†
1365269349112684548,#social
1365269349112684548,#facebook
1365269349112684548,#stato
1365269349112684548,#repressione
1365269349112684548,#nomask
1365269392259506176,#ReporteCovid19
1365269392259506176,#Oaxaca
1365269392259506176,#COVID19
1365269400790716416,#PatriotasEnUnidad
1365269403697352708,#PortaliG
1365269406549475330,#gauchot
1365269406549475330,#mairiedeParis
1365269406549475330,#confinement
1365269406549475330,#COVID19
1365269406549475330,#covid
1365269406549475330,#coronavirus
1365269416871669762,#Provincia
1365269416871669762,#Coronavirus
1365269453383073793,#Brasil
1365269474564259841,#COVID19
1365269474564259841,#NoBajemosLaGuardia
1365269479807188992,#news
1365269479807188992,#byotrol
1365269479807188992,#innovation
1365269479807188992,#covid19
1365269479807188992,#coronavirus
1365269479807188992,#ResidualProtection
1365269479807188992,#LongLasting
1365269479807188992,#LockdownRoadmap
1365269479807188992,#FacilitiesManagement
1365269480738283524,#COVID19
1365269496865374208,#coronavirus
1365269496865374208,#COVID19
1365269496865374208,#Vaccine
1365269496865374208,#PfizerBioNTech
1365269608941371397,#COVID19
1365269608941371397,#Coronavirus
1365269617254555652,#CovidWellbeingNI
1365269617254555652,#GoodVibrations
1365269635164168197,#COVID19Vaccine
1365269669800599554,#IndiaFightsCorona
1365269669800599554,#COVID
1365269669800599554,#StaySafe
1365269669800599554,#Unite2FightCorona
1365269678881439744,#covid19
1365269678881439744,#Myanmar
1365269678881439744,#WhatsHappeninglnMyanmar
1365269678881439744,#coronavirus
1365269700062687239,#PublicacionesMippCI
1365269703422320644,#CLM
1365269704143560706,#SmartNews
1365269727564734465,#Impfstoff
1365269727564734465,#Astrazeneca
1365269734703304710,#BHnasional
1365269735156375554,#Coronav√≠rus
1365269763556016128,#COVID19
1365269777023959044,#COVID19
1365269777023959044,#Interferon
1365269798150696963,#Coronavirus
1365269812541337603,#COVID19Vaccine
1365269815850590208,#COVID19Vaccine
1365269821735243779,#PublicacionesMippCI
1365269829477933058,#Coronavirus
1365269833798070272,#D√≠aAD√≠a
1365269833798070272,#coronavirus
1365269833798070272,#Radiograf√≠a
1365269836935426050,#PatriotasEnUnidad
1365269841335181312,#Coronavirus
1365269841335181312,#COVID19
1365269841335181312,#OxfamEmergency
1365269841335181312,#Governo
1365269842849378306,#COVID19
1365269847748341766,#COVID19
1365269866324836352,#PatriotasEnUnidad
1365269871215304706,#Covidvaccine
1365269885929086978,#covid19
1365269885929086978,#Romanian
1365269885929086978,#NationalLottery
1365269887619391490,#COVID19
1365269893860388865,#Covidvaccine
1365269896595206144,#imirante
1365269896595206144,#informacao
1365269896595206144,#coronavirus
1365269896595206144,#umano
1365269909891125251,#FalaBrasil
1365269915255635970,#COVID19
1365269919236059136,#CLM
1365269938592755716,#G1
1365269938592755716,#Jundia√≠
1365269938592755716,#coronav√≠rus
1365269964307853319,#china
1365269964307853319,#America
1365269964307853319,#USA
1365269964307853319,#Europe
1365269964307853319,#Africa
1365269964307853319,#Japan
1365269964307853319,#covid
1365269964307853319,#coronavirus
1365269964307853319,#corona
1365269964307853319,#chinavirus
1365269964307853319,#ChineseVirus
1365269964307853319,#COVID19
1365269964307853319,#wuhanvirus
1365269964307853319,#world
1365269968330387457,#Covid19‚§µÔ∏è
1365269970926632961,#COVID19Vaccine
1365269974680535040,#Canada
1365269974680535040,#COVID19
1365269974680535040,#coronavirus
1365269974680535040,#COVID
1365269988072947712,#lockdown
1365269988072947712,#diversity
1365269988823732228,#COVID19mx
1365269994226016257,#Caricatur
1365270011485564934,#PatriotasEnUnidad
1365270015197462530,#CLM
1365270037326565380,#COVID19
1365270037326565380,#Coronavirus
1365270037326565380,#ElectionCommission
1365270037326565380,#AssemblyElection
1365270037326565380,#SunilArora
1365270050136031232,#CovidVaccine
1365270118092181506,#CovidWellbeingNI
1365270118092181506,#GoodVibrations
1365270136719048705,#COVID19
1365270157250203655,#COVID19
1365270157250203655,#EastSussex
1365270166649643009,#PatriotasEnUnidad
1365270205258223617,#LearningDisability
1365270214376648710,#Covidvaccine
1365270222568108033,#COVID„Éº19
1365270222568108033,#Corona
1365270222568108033,#coronav
1365270231803977728,#COVID2019
1365270231803977728,#Covid19
1365270231803977728,#COVID19
1365270231803977728,#COVID19espana
1365270231803977728,#coronavirus
1365270231803977728,#coronavirusEspana
1365270231803977728,#COVID„Éº19
1365270231803977728,#Coronavid19
1365270231803977728,#Ayuso
1365270231803977728,#Aguado
1365270231803977728,#Comunidad
1365270231803977728,#Madrid
1365270231803977728,#PP
1365270231803977728,#Ciudadanos
1365270231803977728,#PPmafia
1365270231803977728,#csnoesregeneracion
1365270231803977728,#derecha
1365270231803977728,#ultraderecha
1365270231803977728,#marca
1365270231803977728,#Espa√±a
1365270231803977728,#Spain
1365270231803977728,#UE
1365270231803977728,#CUARENTENA19M
1365270231803977728,#CuarentenaTotal
1365270231803977728,#FelizViernesATodos
1365270244151984128,#PatriotasEnUnidad
1365270286417809411,#IndiaFightsCorona
1365270286417809411,#COVI
1365270296790528004,#COVID19
1365270296790528004,#prevention
1365270296790528004,#prisons
1365270379921612800,#dkmedier
1365255290841493505,#coronavirus
1365255290841493505,#MoIQatar
1365255290841493505,#IWearAMask
1365255290841493505,#Qatar
1365255290841493505,#Doha
1365255320910499843,#COVID19
1365256215333277696,#secondwave
1365256215333277696,#COVIDpandemic
1365256215333277696,#socialdistancing
1365256215333277696,#CoronaCases
1365256583589068804,#thankfulthursday
1365256913240403968,#Austin
1365256980038836224,#JoshSabarra
1365256980038836224,#Wednesday
1365256980038836224,#HumpDay
1365256980038836224,#MaskUp
1365256980038836224,#COVID19
1365256980038836224,#Coronavirus
1365256980038836224,#ths
1365257113094807552,#masks
1365257113094807552,#mask
1365257113094807552,#covid
1365257113094807552,#facemask
1365257113094807552,#virus
1365257113094807552,#staysafe
1365257113094807552,#handmade
1365257113094807552,#facemasks
1365257113094807552,#stayhome
1365257226965950466,#abc13
1365257273145233408,#OMAN
1365257273145233408,#CORONAVIRUS
1365257584895262721,#SouthAfrica
1365257584895262721,#Covid
1365258194671464450,#COVID19
1365258240804737025,#coronavirus
1365258460867293192,#facemask
1365259009624801280,#COVID19
1365259064066924550,#COVID19
1365259064066924550,#facemask
1365259064066924550,#Trump
1365259064066924550,#pandemic
1365259064066924550,#covididiots
1365259064066924550,#savealife
1365259064066924550,#politicians
1365259064066924550,#noendinsight
1365259064066924550,#blog
1365259064066924550,#blogger
1365261164481970180,#PawriHoRaiHai
1365261164481970180,#ManipalHospitals
1365261164481970180,#YourManipa
1365261660169076738,#COVID19
1365262024846962689,#staysafe
1365262024846962689,#kitajagakita
1365262024846962689,#mysejahteraapp
1365262024846962689,#covid19
1365262024846962689,#covid19malaysia
1365262024846962689,#qres
1365262024846962689,#qcafemelaka
1365262024846962689,#mmu
1365262024846962689,#ayerkeroh
1365262024846962689,#melaka
1365262024846962689,#melakafood
1365262173929279494,#staysafe
1365262173929279494,#kitaj
1365262197543346179,#coronavirus
1365262259044368387,#EU
1365262259044368387,#Afghanistan
1365262259044368387,#COVID
1365262259044368387,#Ceasefire
1365262394230996993,#EU
1365262791330959362,#EU
1365262864152473601,#EU
1365262918531637253,#EU
1365262924600729602,#EU
1365263032222289925,#EU
1365263170605088773,#EU
1365264113472053257,#Retail
1365264113472053257,#HealthandSafety
1365264113472053257,#ConflictManagement
1365264113472053257,#Violence
1365264113472053257,#ConflictManagementTraining
1365264113472053257,#COVID
1365265584762408961,#COVID19
1365265584762408961,#COVID19Vaccine
1365265584762408961,#coronavirus
1365265584762408961,#Masks
1365265584762408961,#maskoff
1365265584762408961,#mask
1365265901365379082,#EU
1365265904397815810,#coronavirus
1365265993539411972,#BREAKING
1365265993539411972,#covid
1365265993539411972,#KristiNoem
1365266063815028744,#Madrid
1365266291628638209,#LindsayDentlinger
1365266291628638209,#LindsayDentlingerMustFall
1365266381420310528,#GYD21
1365266381420310528,#GlobalYouthDay
1365266381420310528,#BeTheSermon
1365266381420310528,#ReachingOut
1365266714640924675,#COVID19
1365267995807731717,#ICYMIüíªWatch
1365267995807731717,#FoxBusiness
1365267995807731717,#COVID19
1365267995807731717,#SmallBusiness
1365268423622688770,#GreysAnatomy
1365268423622688770,#greys
1365269429156777987,#EU
1365269592847781891,#Covid
1365269592847781891,#Mumbai
1365269592847781891,#mumbailocal
1365269592847781891,#vasai
1365269939544854531,#FormerGuy
1365262591619170306,#coronavirus
1365262591619170306,#pande
1365262451692961792,#Quarantine
1365262451692961792,#ncov2019
1365262451692961792,#fightvirus
1365262451692961792,#coronavirus
1365262451692961792,#CoronavirusOutbreak
1365262451692961792,#qultur
1365262451692961792,#covid19
1365262451692961792,#QuarantineLife
1365262451692961792,#Quarantined
1365262451692961792,#stayinside
1365262451692961792,#socialdistancing
1365262451692961792,#socialdistance
1365262451692961792,#SelfQuarantine
1365262451692961792,#QuarantineAndChill
1365255443660955653,#KimYoungDae
1365255443660955653,#KimHyunSoo
1365255443660955653,#ThePenthouse2
1365262281987268608,#KIMYOUNGDAE
1365262281987268608,#KIMHYUNSOO
1365262281987268608,#SeokHoon
1365262281987268608,#RoNa
1365262281987268608,#ThePenthouseS2
1365263407255982088,#KIMYOUNGDAE
1365263407255982088,#KIMHYUNSOO
1365263407255982088,#SeokHoon
1365263407255982088,#RoNa
1365263407255982088,#ThePenthouseS2
1365255286760431623,#StayAtHome
1365255286760431623,#VaccineStrategy
1365255286760431623,#Covid19
1365255286760431623,#VaccinateCovid19
1365255877637373952,#COVID2019
1365255877637373952,#covid19
1365255877637373952,#coronavirus
1365255877637373952,#StayAtHome
1365255877637373952,#btposse
1365255877637373952,#Bodi
1365269657536536576,#EnjoyFromHome
1365269657536536576,#COVID19
1365269657536536576,#StayAtHome
1365255286668357635,#employer
1365255286668357635,#employees
1365255286668357635,#COVID19
1365255286668357635,#blog
1365255286668357635,#legaladvice
1365255286668357635,#EmploymentLaw
1365255286668357635,#LegalAdvice
1365255286668357635,#COVIDVaccination
1365255288547205127,#CovidVaccine
1365255290673909762,#Covid19VaccinesInGhana
1365255291424673792,#covid19
1365255291424673792,#vaccine
1365255293983207425,#COVID19
1365255298215268352,#WKOW
1365255306620600321,#Florida
1365255315063771138,#vaccine
1365255350321098754,#UK
1365255350321098754,#ITSecurity
1365255350321098754,#Banking
1365255350321098754,#Phishing
1365255361259839492,#COVID
1365255361259839492,#Solidarity
1365255361259839492,#NobelPeaceCenter
1365255364174901248,#Brazil
1365255364174901248,#Covid19
1365255364174901248,#vaccine
1365255364174901248,#Covaxin
1365255372513169412,#MedTwitter
1365255372513169412,#MedEd
1365255372513169412,#FOAMed
1365255372513169412,#covid19
1365255372513169412,#vaccine
1365255419216674818,#NHS
1365255455568777216,#covid19rftlks
1365255469778919426,#KomaramBheemNTR
1365255474787078145,#CovidVaccinesInGhana
1365255475848224773,#BoostOfHope
1365255487399333888,#CovidVaccinesinGhana
1365255490264068097,#NEWS
1365255490264068097,#HONGKONG
1365255513508892676,#facts
1365255513508892676,#COVIDVaccine
1365255513508892676,#MythBusting
1365255513508892676,#COVID19
1365255528683892739,#InformationWeek
1365255544924168195,#SanAntonio
1365255544924168195,#VACCINE
1365255544924168195,#VACUNA
1365255544924168195,#CoVid19
1365255544924168195,#covid
1365255544924168195,#vaccines
1365255544924168195,#vacunas
1365255544924168195,#KSAT
1365255544924168195,#KSAT12
1365257206174609411,#MedTwitter
1365257206174609411,#MedEd
1365257206174609411,#FOAMed
1365257206174609411,#covid19
1365257206174609411,#vaccine
1365257231382454277,#refugees
1365257231382454277,#asylum
1365257232158494721,#ReactStudy
1365257232158494721,#COVID19
1365257253708783616,#Vaccinated
1365257253708783616,#Vaccinated
1365257253708783616,#KeepEnfieldSafe
1365257259677270027,#COVID19
1365257317437100032,#COVID19vaccines
1365257328442945536,#News
1365257368683085825,#OMAN
1365257368683085825,#CORONAVIRUS
1365257391592398859,#Covid
1365257391592398859,#NHS
1365257437268357121,#VaccinePassports
1365257448093843462,#learningdisabilitynurses
1365257448093843462,#reasonableadjustments
1365257452652961799,#a
1365257484424802309,#Brazil
1365257484424802309,#India
1365257484424802309,#BharatBiotech
1365257484424802309,#COVID19
1365257487126048774,#ameyawtv
1365257516603432965,#COVID19
1365257516603432965,#Vaccine
1365257543325483010,#PMQs
1365257574547914757,#angelamerkel
1365257589882200069,#PSMIDSoMed
1365257589882200069,#Vaccine
1365257589882200069,#COVID19
1365257589882200069,#Phase3Trials
1365257589882200069,#mRNA
1365257589882200069,#ViralVector
1365257642738909184,#COVID19
1365257645163216896,#CovidVaccinesInGhana
1365257697239646211,#News
1365257697239646211,#Forex
1365257697239646211,#COVID19
1365257697239646211,#VACCINE
1365257697239646211,#UK
1365257709721964544,#tadcaster
1365257709721964544,#physio
1365257709721964544,#vaccine
1365257709721964544,#covid19
1365257724393648133,#coronavirus
1365257724393648133,#variants
1365257724393648133,#Mutation
1365257724393648133,#NYC
1365257724393648133,#vaccine
1365257746669572097,#learningdisability
1365257746669572097,#COVID19Vaccine
1365257746669572097,#COVIDVaccination
1365257746669572097,#COVIDVaccine
1365257776096763904,#GrowSome
1365257776096763904,#Puzzled
1365257776096763904,#spreading
1365257776113549312,#CovidVaccinesinGhana
1365257800452988928,#NewsAlert
1365257806283214849,#AsthmaticsAtRisk
1365257828785475584,#BREAKING
1365257901078704130,#ameyawtv
1365257917700726785,#cine
1365257940807131144,#VaccinePassports
1365258074932482051,#COVAX
1365258104556818434,#a
1365258124458790914,#CoronaVaccine
1365258124458790914,#Corona
1365258124458790914,#vaccination
1365258133422022657,#COVID19
1365258161062629377,#covid
1365258161062629377,#vaccine
1365258175881035780,#HIV
1365258175881035780,#LGBT
1365258175881035780,#endHIVstigma
1365258175881035780,#USA
1365258183716069377,#BlackNews
1365258183716069377,#BlackTwitter
1365258183716069377,#TBANN
1365258212170162183,#PMQs
1365258224803397635,#SputnikUpdates
1365258247230390273,#Soberana02
1365258247230390273,#Abdala
1365258262308810753,#Arizona
1365258262308810753,#covid
1365258262308810753,#vaccine
1365258262308810753,#johnsonandjohnson
1365258262308810753,#TodayinAZ
1365258280918945792,#CoronaVaccine
1365258280918945792,#Corona
1365258280918945792,#vaccination
1365258307045384193,#SARSCoV2
1365258343909101568,#PeoplesVaccine
1365258343909101568,#NoCovidMono
1365258366021476355,#COVAX
1365258396279074827,#a
1365258418097971200,#Stork√∏benhavn
1365258418097971200,#coronavirus
1365258418097971200,#Hovedstadsomr√•det
1365258418097971200,#DkPol
1365258418097971200,#SundPol
1365258447403560960,#vaccine
1365258450440253448,#Covid
1365258450440253448,#NHS
1365258485810819073,#ameyawtv
1365258489556328450,#coronavirus
1365258489556328450,#COVID19
1365258489556328450,#RhodeIs
1365258505184239617,#Soberana02
1365258505184239617,#Abdala
1365258527107936256,#PfizerVaccine
1365258528995356673,#vaccination
1365258554106609664,#covidvacccine
1365258554106609664,#nhsstaff
1365258554106609664,#covidvolunteers
1365258554106609664,#covidresponse
1365258582799777798,#nursepractitioners
1365258582799777798,#COVID
1365258583231897603,#AsthmaticsAtRisk
1365258597471555588,#Arizona
1365258597471555588,#covid
1365258597471555588,#vaccine
1365258616144621574,#covidvaccine2021
1365258616144621574,#biotechnologies
1365258616144621574,#erpproject
1365258621492342784,#Stork√∏benhavn
1365258621492342784,#coronavirus
1365258621492342784,#Hovedstadsomr√•det
1365258621492342784,#DkPol
1365258621492342784,#SundPol
1365258629553782785,#ameyawtv
1365258648075833344,#MedTwitter
1365258648075833344,#MedEd
1365258648075833344,#FOAMed
1365258648075833344,#covid19
1365258648075833344,#vaccine
1365258698420064261,#coronavirus
1365258703272898561,#SARSCoV2
1365258720003915777,#MASkargo
1365258720003915777,#Sinovac
1365258736101699585,#covidvaccine
1365258736101699585,#thequeen
1365258770977349633,#covid
1365258770977349633,#vaccine
1365258770977349633,#nhs
1365258779839889411,#vaccination
1365258779839889411,#vaccine
1365258779839889411,#covid19
1365258779839889411,#pandemic
1365258779839889411,#herdimmunity
1365258779839889411,#life
1365258779839889411,#normality
1365258779839889411,#tenreasons
1365258779839889411,#blog
1365258779839889411,#blogging
1365258780301221888,#Youtube
1365258808688263168,#vaccination
1365258808688263168,#covid19
1365258808688263168,#pandemic
1365258808688263168,#herdimmunity
1365258808688263168,#life
1365258808688263168,#normality
1365258808688263168,#tenreasons
1365258808688263168,#blog
1365258808688263168,#blogging
1365258865806356487,#COVID19
1365258879261671424,#Covid19Vaccine
1365258879261671424,#Team12Investigates
1365258879261671424,#COVID19vaccines
1365258879261671424,#Coronavirus
1365258884303085569,#Coronavirus
1365258890468876290,#vaccine
1365258914632257537,#PopeFrancis
1365258937050791940,#COVID19
1365258954109030403,#News
1365258976540114944,#COVID19
1365258976540114944,#COVID19Vaccine
1365258976540114944,#coronavirus
1365258995301146624,#RCGPCouncil
1365259041455316994,#China
1365259047763591170,#COVID19
1365259047763591170,#COVID19Vaccine
1365259047763591170,#coronavirus
1365259072220647430,#MONGOLIA
1365259082857390080,#coronaviru
1365259098921566210,#USRC
1365259108358762496,#VACCINE
1365259108358762496,#CORONAVIRUS
1365259113169645570,#coronavirus
1365259113169645570,#Gr
1365259114406944772,#S
1365259195847639040,#Healthcare
1365259195847639040,#Schenectady
1365259209399406599,#China
1365259224415109127,#yestocovid19vaccine
1365259280824348674,#AstraZeneca
1365259280824348674,#TRIPSWaiver
1365259280824348674,#EU
1365259288558600194,#ameyawtv
1365259322452680705,#BreakingNews
1365259322452680705,#time
1365259322452680705,#RT
1365261077534113792,#jobs
1365261077534113792,#opportunity
1365261085910130692,#Pfizer
1365261085910130692,#BioNTech
1365261085910130692,#COVID19vaccine
1365261088359555072,#PAID
1365261110098722816,#CovidVaccinesInGhana
1365261113210908674,#JournoRequest
1365261113210908674,#Sheffield
1365261113210908674,#COVID19Vaccine
1365261113210908674,#COVID19
1365261138225692674,#themoreyouknow
1365261138225692674,#COVID19
1365261138225692674,#koronafi
1365261138225692674,#vaccine
1365261138225692674,#Biden
1365261138225692674,#Trump
1365261138225692674,#Bitcoin
1365261170014355459,#covid19
1365261173562757122,#votfmnews
1365261200532135942,#Covid19VaccineInGhana
1365261227736317952,#studyspo
1365261227736317952,#studytwt
1365261227736317952,#studytwtph
1365261227736317952,#journaltwt
1365261239572721666,#underlyingconditions
1365261239572721666,#doctor
1365261239572721666,#SriLanka
1365261239572721666,#Covid
1365261239572721666,#Corona
1365261239572721666,#vaccine
1365261239572721666,#Pfizer
1365261253015461893,#Covid19
1365261253015461893,#vaccine
1365261279515062279,#CovidVaccinesInGhana
1365261308136808449,#COVID19
1365261308623519744,#vaccine
1365261309479116805,#ameyawtv
1365261317980921858,#AatmaNirbharBharat
1365261328621969411,#learningdisability
1365261330563891201,#HiddenDisabilities
1365261330563891201,#vaccination
1365261351015354368,#VACCINE
1365261351015354368,#COVID19
1365261362100924417,#VaccinePassports
1365261372108328965,#BREAKING
1365261378970337288,#ToryCovidCatastrophe
1365261378970337288,#ToryLiesCostLives
1365261378970337288,#torycoruption
1365261392840978433,#odx
1365261392840978433,#avct
1365261392840978433,#gdr
1365261392840978433,#brh
1365261392840978433,#ncyt
1365261392840978433,#cbx
1365261423597748225,#MorningRushATL
1365261462214762502,#hypocrites
1365261477729497096,#HappyHMS
1365261477758836736,#CovidVaccinesInGhana
1365261485367296002,#leprosy
1365261487481229313,#COVID19
1365261515255873539,#CovidVaccinesinGhana
1365261541671583746,#CovidVaccinesInGhana
1365261544532099076,#JoySMS
1365261549720453122,#CovidVaccinesInGhana
1365261555726774273,#Russias
1365261555726774273,#Chinese
1365261555726774273,#COVID19
1365261555726774273,#vaccine
1365261555726774273,#compliance
1365261559279333379,#CovidVaccinesInGhana
1365261561200263169,#vaccine
1365261565746966530,#CovidVaccinesInGhana
1365261594620526592,#TalkRichmond
1365261603952820227,#HappyHMS
1365261603952820227,#eTVGhana
1365261603952820227,#G
1365261606343634944,#CovidVaccinesInGhana
1365261643136061444,#shotinthearm
1365261690053484547,#ASEANRespectOurVotes
1365261690053484547,#WhatsHappeninglnMyanmar
1365261698899333123,#CovidVaccinesInGhana
1365261699390046216,#Covid19VaccineInGhana
1365261700224741377,#covid19
1365261709271846917,#CovidVaccinesInGhana
1365261716800606208,#COVID19
1365261741903462401,#CovidVaccinesInGhana
1365261753089740801,#ameyawtv
1365261769552367616,#coronavirus
1365261769552367616,#kmfmnews
1365261774069649408,#CovidVaccinesinGhana
1365261786581258244,#CovidVaccinesInGhana
1365261792969162757,#PeoplesVaccine
1365261792969162757,#NoCovidMono
1365261795905196034,#CovidVaccinesInGhana
1365261804914569217,#news
1365261806734880773,#BREAKING
1365261866977681411,#vaccine
1365261874007318528,#CovidVaccinesInGhana
1365261896107065345,#odx
1365261896107065345,#avct
1365261896107065345,#gdr
1365261896107065345,#brh
1365261896107065345,#ncyt
1365261896107065345,#cbx
1365261901546938370,#NotGoldS
1365261915329613829,#Covid19VaccinesInGhana
1365261971730403328,#CovidVaccinesInGhana
1365261978915139592,#a
1365261981842874375,#ameyawtv
1365262014357020674,#careful
1365262014357020674,#PAGISIPAN
1365262014357020674,#NEED
1365262014357020674,#Government
1365262040156147719,#careful
1365262040156147719,#PAGISIP
1365262086134067200,#BREAKING
1365262105608417283,#Crohns
1365262188596719616,#studyspo
1365262188596719616,#studytwt
1365262188596719616,#stu
1365262261288247297,#COVAX
1365262277356609537,#Covid19VaccineInGhana
1365262339625336840,#vaccine
1365262339625336840,#COVID19
1365262339625336840,#Ukraine
1365262339625336840,#support
1365262357492953090,#ithappensonlyinIndia
1365262373037178883,#Covid19
1365262373108338688,#Covid19VaccinesInGhana
1365262395644461056,#vaccine
1365262395644461056,#coronavirus
1365262431275130882,#CovidVaccinesInGhana
1365262434752151553,#COVID19
1365262434752151553,#VaccineEquity
1365262438761779201,#SriLanka
1365262438761779201,#Covid19
1365262439483248640,#CovidVaccinesInGhana
1365262465819308033,#NewsAlert
1365262498664964098,#Publix
1365262498664964098,#CoronavirusVaccine
1365262566721785856,#covax
1365262566721785856,#TogetherWeCan
1365262600855027712,#NowPlaying
1365262600855027712,#Np
1365262600855027712,#NITM‚òï
1365262668920213507,#COVID
1365262668920213507,#covid19
1365262668920213507,#vaccine
1365262668920213507,#fda
1365262668920213507,#friday
1365262678638297088,#Israel
1365262678638297088,#PfizerBioNTech
1365262709894369280,#WhatsHappeningInMyanmar
1365262709894369280,#HereTheVoiceOfMyanmar
1365262719679664128,#Event201
1365262767129780225,#CovidVaccine
1365262767129780225,#ReasonableAdjustments
1365262791586705411,#NewsAlert
1365262836922916864,#SwasthyaMantra
1365262836922916864,#COVID19
1365262836922916864,#BanegaSwasthIndia
1365262837308743684,#StaySafe
1365262837308743684,#COVIDVaccine
1365262839267553283,#TGIF
1365262839267553283,#NorfolkVA
1365262839267553283,#DMV
1365262839267553283,#PortsmouthVA
1365262839267553283,#RVA
1365262839267553283,#Virginia
1365262839267553283,#SteveJacksonVA
1365262868808146946,#UK
1365262868808146946,#COVID19
1365262868808146946,#coronavirus
1365262868808146946,#NHS
1365262883483869184,#covax
1365262901171408897,#COVID
1365262903499251714,#coronavirus
1365262905218904067,#WeWantToKnow
1365262905218904067,#TellUs
1365262921635426305,#NHS
1365262929021517837,#Cbs21NewsThisMorning
1365262940455063554,#Covid19Vaccine
1365262940455063554,#Report
1365262940455063554,#Vaccine
1365262940455063554,#Covid19
1365262940455063554,#CovidVaccines
1365262940455063554,#Covid19Vaccination
1365262940455063554,#Covid
1365262946885128193,#coronavirus
1365262957236649991,#SARSCoV2
1365262969534349316,#COVID19Vaccine
1365262969534349316,#lightattheendofthetunnel
1365262969534349316,#NHS
1365262987771207686,#CovidVaccinesInGhana
1365263009623506947,#BeLessMengele
1365263105249464323,#DropTheMic
1365263110114795525,#JoeBiden
1365263110114795525,#COVID
1365263162073702401,#Covid
1365263162073702401,#collaboration
1365263162073702401,#Vaccine
1365264876197863426,#VisionUpdates
1365264880564068352,#FlexFrom1st
1365264880564068352,#LGBT+
1365264893285457920,#COVID19
1365264902378684419,#Pfizer
1365264932896448515,#VaccinePassports
1365264939674386435,#CovidVaccinesInGhana
1365264952261554178,#coronaviru
1365264958079045633,#Biden
1365265003025203201,#MedTwitter
1365265003025203201,#MedEd
1365265003025203201,#FOAMed
1365265003025203201,#covid19
1365265003025203201,#vaccine
1365265006682656771,#CanSino
1365265008674930688,#RT
1365265073825021952,#COVID19
1365265073825021952,#COVID19
1365265073825021952,#IChooseVaccination
1365265093894823938,#CovidVaccinesinGhana
1365265132792782850,#COVID19
1365265132792782850,#IChooseVacciNation
1365265179039195144,#Covid19
1365265193090048000,#MA
1365265215751880711,#CVnCoV
1365265215751880711,#COVID
1365265227307233280,#LetsGetTalking
1365265233636454402,#vaccine
1365265261037764609,#COVID19
1365265289840058368,#keepthemout
1365265296655847424,#mapoli
1365265312958976002,#angelamerkel
1365265357292855296,#vaccine
1365265374422437888,#feedback
1365265374422437888,#yourvoicecounts
1365265374422437888,#warrington
1365265374422437888,#vaccination
1365265391241551873,#Covid
1365265391719747589,#HeartNews
1365265411235848201,#Nurselife
1365265431230046209,#branding
1365265457264144384,#DronePilotsForNC
1365265466315448320,#Vaccines
1365265482564173826,#Senegal
1365265511936843783,#Covid
1365265511936843783,#vaccine
1365265511936843783,#Vaccines
1365265511936843783,#JCVI
1365265511936843783,#keyworkers
1365265601615306759,#EnoughIsEnough
1365265601615306759,#OldNormal2021
1365265611413020679,#BREAKING
1365265624100921346,#CapitalReports
1365265662495645698,#coronavirus
1365265685102825472,#coronavirus
1365265696515641344,#AstraZeneca
1365265696515641344,#pwme
1365265701641068551,#COVAX
1365265752194957313,#Pfizer
1365265772474494978,#Covid19
1365265772474494978,#Cybersecurity
1365265778853900288,#news
1365265779520847876,#COVID19
1365265779520847876,#FDA
1365265848823283715,#COVID19
1365265955060932612,#Covid
1365265955060932612,#vaccine
1365265955060932612,#Vaccines
1365265955060932612,#JCVI
1365265975625605124,#asthmaticsatrisk
1365266013844107267,#coronaviru
1365266028511584257,#COVID19
1365266029816016899,#Spain
1365266029816016899,#COVID„Éº19
1365266029816016899,#vaccination
1365266029816016899,#AstraZeneca
1365266054298013697,#TeamCVS
1365266054298013697,#NowHiring
1365266081728913409,#CovidVaccinesInGhana
1365266124963803137,#APPNEws
1365266124963803137,#Pakistan
1365266124963803137,#COVID19
1365266161387130880,#Publix
1365266161387130880,#COVID19
1365266161387130880,#FOX35
1365266166160257028,#LNK
1365266166160257028,#COVID19Vaccine
1365266187471446016,#giveup
1365266187471446016,#demoralising
1365266200389963777,#taxmanagement
1365266200389963777,#newstaxmanagement
1365266200389963777,#europe
1365266200389963777,#covid19
1365266200389963777,#vaccination
1365266200389963777,#passport
1365266200389963777,#vaccinationpassports
1365266207574794240,#WindowCleanjngInnuendo
1365266223626412032,#AsthmaticsAtRisk
1365266236217655296,#China
1365266246988673026,#SARSCoV2
1365266291033067520,#vaccines4everybody
1365266298003853313,#VaccinesWork
1365266298003853313,#VaccinesSaveLives
1365266298003853313,#ScienceMatters
1365266320258961408,#coronavirus
1365266320258961408,#Gr
1365266334603489280,#ottnews
1365266334603489280,#ottawa
1365266344183279617,#covid19
1365266406095347714,#FollowTheScience
1365266433463099393,#RacismIsNotAnOpinion
1365266450215231490,#ameyawtv
1365266536496324610,#COVAX
1365266539239403520,#COVID19Vaccine
1365266547460177920,#UI
1365266547460177920,#biotech
1365266569052360709,#UI
1365266569052360709,#biotech
1365266571959144450,#nffc
1365266579546664967,#lynnfield
1365266590887936004,#Xitler
1365266590887936004,#CPC
1365266592632774661,#LetsGetTalking
1365266642339520514,#anaphylaxis
1365266642339520514,#COVID19
1365266642339520514,#GrandRounds
1365266642339520514,#vaccines
1365266642339520514,#meded
1365266642339520514,#foamed
1365266642339520514,#pandemic
1365266687638073345,#notallheroeswearcapes
1365266695296864257,#vaccino
1365266695296864257,#Covid19
1365266695301005314,#Covid
1365266695301005314,#vaccine
1365266695301005314,#Vaccines
1365266695301005314,#JCVI
1365266695586250753,#COVIDVaccine
1365266695586250753,#Bexley
1365266730101190657,#AsthmaticsAtRisk
1365266750825259011,#COVID
1365266764427374597,#MedTwitter
1365266764427374597,#MedEd
1365266764427374597,#FOAMed
1365266764427374597,#covid19
1365266764427374597,#vaccine
1365266853354954755,#coronavirus
1365266887660212225,#insurance
1365266887660212225,#healthinsurance
1365266887660212225,#healthcare
1365266887660212225,#physicalexercise
1365266887660212225,#Techniker
1365266892886315012,#Pension
1365266892886315012,#Canadas
1365266899794341888,#LeftOffTheList
1365266937492606977,#SouthKorea
1365266937492606977,#COVID19
1365266937492606977,#vaccine
1365266957847588867,#SouthKorea
1365266957847588867,#COVID19
1365266957847588867,#vaccine
1365266983692869632,#President
1365266983692869632,#MoonJaein
1365266983692869632,#COVID19
1365268591923363841,#TikTok
1365268591923363841,#madloverockstars
1365268591923363841,#oneandtwo
1365268591923363841,#covid
1365268591923363841,#vaccine
1365268591923363841,#done
1365268624433365001,#COVID19
1365268624433365001,#vaccinations
1365268624433365001,#teachers
1365268624433365001,#police
1365268624433365001,#Covid19UK
1365268624433365001,#ToryCronyism
1365268639860092929,#COVID
1365268692058181634,#AsthmaticsAtRisk
1365268739239911426,#Covid
1365268795934330889,#COVID19Vaccine
1365268831233581059,#LetsGetTalking
1365268850711752705,#NewsAlert
1365268851836014593,#CleanAirZone
1365268887244132356,#Xitler
1365268887244132356,#CPC
1365268920228339713,#SARSCoV2
1365268927278964737,#FunFact
1365268927278964737,#Israel
1365268927278964737,#COVID19
1365268927278964737,#FridayVibes
1365268927278964737,#Impfstoff
1365268927278964737,#Impfpass
1365268927278964737,#Impfgegner
1365268927278964737,#fun
1365268927278964737,#news
1365268927278964737,#coronavirus
1365268927278964737,#Corona
1365268927278964737,#AstraZeneca
1365268927278964737,#Moderna
1365268927278964737,#BioNTech
1365268927278964737,#Pfizer
1365268927278964737,#vaccine
1365268929384431618,#Publix
1365268971499311108,#RNA
1365268971499311108,#Vaccines
1365268978252214274,#COVAX
1365269073291071490,#covid19
1365269092458930181,#COVID19
1365269092458930181,#COVIDVaccination
1365269147379146759,#MEE
1365269147379146759,#Palestine
1365269147719004160,#employmentlaw
1365269147719004160,#vaccine
1365269147719004160,#employeerights
1365269158502490117,#ameyawtv
1365269211275292672,#SIRENstudy
1365269213279969281,#AstraZeneca
1365269213279969281,#Oxford
1365269213279969281,#Emirates
1365269213279969281,#Ghana
1365269213279969281,#UNICEF
1365269213279969281,#COVAXFacility
1365269213279969281,#Covid19vaccine
1365269213279969281,#AirCargo
1365269253335773184,#Bayern3Racist
1365269253335773184,#Bayern3Apologize
1365269253335773184,#bts
1365269263565475840,#COVID19Vaccine
1365269322009096192,#CovidVaccinesInGhana
1365269366430789640,#COVID19
1365269400643854337,#covid19
1365269424224239617,#CoronaVirusUpdates
1365269424224239617,#coronavirus
1365269424224239617,#COVID19
1365269424224239617,#vaccine
1365269424224239617,#lockdown
1365269427269296129,#Purim
1365269427269296129,#coronavirus
1365269461385629704,#HermosaBeach
1365269461385629704,#HealthyCareer
1365269462946111492,#GetVaccinated
1365269462946111492,#Com
1365269471515074565,#Masks
1365269471515074565,#SocialDistancing
1365269471515074565,#vaccine
1365269471515074565,#virus
1365269471515074565,#Covid19
1365269485196771334,#NSTnation
1365269485196771334,#Covid19
1365269485196771334,#vaccine
1365269586589974536,#Bayern3Racist
1365269586589974536,#Bayern3Apologize
1365269586589974536,#bts
1365269636078526468,#Covid19
1365269636078526468,#vaccine
1365269649298972672,#COVID19
1365269649298972672,#Vaccine
1365269664889262082,#Vaccine
1365269664889262082,#AZ
1365269664889262082,#Oxford
1365269664889262082,#Covid
1365269664889262082,#CanIGetATenPenceMixNowPlease
1365269706333163525,#GetOneGiveOne
1365269770849951746,#covidisalie
1365269770849951746,#COVID
1365269784498159618,#COVID19
1365269784498159618,#Vaccine
1365269860389953540,#Catalunya
1365269860389953540,#EstadoDeAlarma
1365269860389953540,#ToqueDeQueda
1365269860389953540,#Covid19
1365269860389953540,#Covid19
1365269860389953540,#COVID„Éº19
1365269860389953540,#Ca
1365269869474705409,#TamilNadu
1365269869474705409,#COVID19
1365269940106891267,#REED
1365269940106891267,#COVID19
1365269940106891267,#vaccine
1365269940106891267,#prioritisation
1365269940106891267,#over40s
1365269946700337153,#COVIDVaccine
1365269946700337153,#Bexley
1365269994418937858,#CovidVaccinesInGhana
1365270009006546945,#COVID19
1365270042510770181,#CovidVaccinesinGhana
1365270047330103296,#Chester
1365270057874382854,#BREAKING
1365270136941338627,#vaccines
1365270136941338627,#COVID
1365270139084566529,#PSMIDSoMed
1365270139084566529,#Vaccine
1365270139084566529,#COVID19
1365270139084566529,#Phase3Trials
1365270139084566529,#mRNA
1365270139084566529,#ViralVector
1365270142607781891,#COVID19
1365270170483179520,#PolicingTweetingUK
1365270170877493251,#COVID19Vaccine
1365270178867666952,#BlackHistoryMonth
1365270192931155968,#BillGates
1365270192931155968,#Agenda21
1365270192931155968,#NWO
1365270192931155968,#NewWorldOrder
1365270192931155968,#GreatRese
1365270208798162949,#coronavirus
1365270290897330176,#COVID19Vaccine
1365270290897330176,#COVID19VaccinTest
1365270323604594690,#ViacomCBS
1365270379535753220,#skynews
1365255289419743233,#Bayern3Racist
1365255357824528389,#BTS
1365255362094501890,#protectyourself
1365255362094501890,#protectothers
1365255362094501890,#protectInverclyde
1365255404268122113,#risks
1365255412371623938,#Bayern3Racist
1365255423427825664,#BTS
1365255485708886017,#Bayern3Apo
1365255517392818176,#Darts
1365255601782214656,#SalutCB
1365255601782214656,#Castellbisbal
1365255608488906752,#Covid19
1365255620312596480,#covid
1365255620576890880,#LaIguanaTV
1365255620576890880,#Qu√©dateEnCasa
1365255658417848326,#Gabon
1365255685873815553,#Bayern3Racist
1365255716794216449,#Bayern3Racist
1365255730916438022,#tdhbrasil
1365255730916438022,#covid19
1365255730916438022,#sa√∫de
1365255735983153160,#Bayern3Racist
1365255740018094085,#Bayern3Racist
1365255783844315145,#KeepWaverleySafe
1365255844837924864,#Bayern3Racist
1365255881873649664,#Bayern3Racist
1365255886642548736,#SARSCoV2
1365255904543801345,#Bayern3Racist
1365255910482993154,#Bayern3Racist
1365256000647950336,#Bayern3Racist
1365256003453861894,#Bayern3Racist
1365256078867525633,#TeamWAST
1365256082147344392,#Bayern3Racist
1365256177949491200,#Reg√≠strateGratis
1365256191216082947,#COVID19
1365256224682426379,#Bayern3Racist
1365256265384030208,#Mutationen
1365256265384030208,#SarsCoV2Virus
1365256265384030208,#unibern
1365256404697767937,#Bayern3Racist
1365256434288644096,#COVID19
1365256484192481280,#Bayern3Racist
1365256595169452032,#Bayern3Racist
1365256648579641345,#Bayern3Racist
1365256870605258755,#mutations
1365256870605258755,#SARSCoV2
1365256870605258755,#unibern
1365257182451752961,#BTS
1365257245802512387,#BTS
1365257289574277122,#WearADamnMask
1365257289574277122,#covidisreal
1365257289574277122,#COVID
1365257308704542728,#COVID19Ireland
1365257329722146819,#Bayern3Racist
1365257382901796864,#Bayern3Racist
1365257405311967233,#COVIDisAirborne
1365257405311967233,#AirPollution
1365257425947918338,#Bayern3Racist
1365257485326630913,#Covid19
1365257485326630913,#Variant
1365257498777772038,#Bayern3Racist
1365257507174821889,#LongCovid
1365257518063120384,#BTS
1365257529664671746,#BTS
1365257535624605698,#Bayern3Apo
1365257564007579649,#rail
1365257564007579649,#trains
1365257564007579649,#myki
1365257564007579649,#springst
1365257652863987714,#BTS
1365257661021884418,#Bayern3Racist
1365257787345952769,#Bayern3Racist
1365257791095640068,#BTS
1365257810406215680,#BTS
1365257817700134914,#Covid19
1365257852764512258,#Bayern3Racist
1365257868614766593,#Bayern3Racist
1365257958704041985,#BTS
1365258078875045888,#covid
1365258078875045888,#corona
1365258078875045888,#covid19
1365258088043974656,#Bayern3Racist
1365258295045468165,#Bayern3Racist
1365258312128806916,#Bayern3Racist
1365258334782312452,#Bayern3Racist
1365258334782312452,#BTS
1365258369473212416,#Bayern3Racist
1365258412536258562,#coronavirus
1365258415715442690,#BTS
1365258446979796993,#BTS
1365258527183364113,#Bayern3Racist
1365258633731321856,#Covid19
1365258660792918019,#COVID19
1365258667671629826,#WeCanBeZero
1365258667671629826,#ZeroCOVID
1365258667671629826,#COVID19Ireland
1365258667671629826,#COVID19Vaccine
1365258704384258050,#Bayern3Racist
1365258741516357634,#coronavirus
1365258837507379201,#RTLMatin
1365258878204710917,#BTS
1365258916414836737,#vacinaja
1365258982517067776,#COVID19
1365258987768176642,#Bayern3Racist
1365259011008778240,#BTS
1365259090805612547,#fakenews
1365259090805612547,#infodemic
1365259091896074241,#Bayern3Racist
1365259122753560580,#CovidVaccinesInGhana
1365259177682206720,#Taffix
1365259177682206720,#UnoTieneQueDecirlo
1365259243788644354,#Coronavirus
1365259243788644354,#Rancagua
1365259243788644354,#RancaguaNoTeConf√≠es
1365259315821613057,#COVID19
1365259325715832832,#Bayern3Apo
1365259347178098692,#Bayern3Apo
1365259353196879874,#Bayern3Apo
1365259403742621696,#COVID19
1365259403742621696,#SafelyBackToSchoolGH
1365259403742621696,#LetsBeatCOVIDTogether
1365259450098069506,#Bayern3Racist
1365259573976854528,#Coronavirus
1365259573976854528,#Rancagua
1365259581845344261,#COVID19
1365259628456591366,#virus
1365259628456591366,#penitenziari
1365259628456591366,#sistemacarcerario
1365259628456591366,#secondaondata
1365259640733372416,#Bayern3Racist
1365259646152413189,#Covid19
1365259663919489026,#RTLMatin
1365259694940463105,#Bayern3Racist
1365259730063675392,#Rum
1365259737323945984,#Angelica
1365259737323945984,#COVID19
1365259748925390861,#Bayern3Racist
1365259757771251712,#Bayern3Racist
1365259776612040705,#virus
1365259776612040705,#penitenziari
1365259776612040705,#si
1365259777232809984,#RTLMatin
1365259780160389124,#Cuba
1365259796413358080,#gohogs
1365259796413358080,#wps
1365259810233589766,#Bayern3Racist
1365259825869905922,#RTLMatin
1365259854349221890,#ChinaVirus
1365259854349221890,#PCR
1365259854349221890,#coronavirus
1365259858493210632,#JeNeMeConfineraiPas
1365259918295597057,#Bayern3Racist
1365259942580600834,#Bayern3Racist
1365260001313456131,#Bayern3Racist
1365260031097200647,#Cuba
1365260037149646852,#Do
1365260124399484928,#Bayern3Racist
1365260134876913666,#Bayern3Racist
1365260136420360200,#Bayern3Racist
1365260167978356736,#Bayern3Racist
1365260217466949634,#Covid19
1365260229122920453,#Bayern3Racist
1365260334324461575,#virus
1365260334324461575,#covid19
1365260356042555394,#COVID19
1365260419460382720,#virus
1365260419460382720,#covid19
1365260429874909186,#Covid19
1365260486401482753,#Bayern3Racist
1365260506085412867,#Bayern3Racist
1365260509168209923,#Bayern3Racist
1365260536347262976,#adessobasta
1365260536347262976,#COVID19
1365260536347262976,#coronavirus
1365260574964273153,#SARSCoV2
1365260992045666307,#Bayern3Racist
1365261064401678343,#Bayern3Apo
1365261083150348292,#Bayern3Racist
1365261083301281795,#Bayern3Racist
1365261126305513472,#covid19
1365261146601750534,#BTS
1365261207284768769,#Bayern3Apo
1365261269671047172,#Bayern3Apo
1365261284195717120,#Bayern3Apo
1365261345818632194,#virus
1365261345818632194,#covid19
1365261348955897857,#Bayern3Racist
1365261403108610058,#Bayern3Racist
1365261419437051907,#Covid19
1365261427087400960,#Bayern3Racist
1365261439045226496,#BTS
1365261448629248000,#Bayern3Apo
1365261508830261249,#Bayern3Racist
1365261513599156225,#vin
1365261523216646146,#Covid19
1365261560181121027,#Bayern3Racist
1365261579193888769,#Bayern3Racist
1365261596847652869,#Bayern3Racist
1365261608314957828,#BTS
1365261614698672130,#Bayern3Racist
1365261636899139585,#Bayern3Racist
1365261687495008256,#Bayern3Racist
1365261771930542080,#VaccinationGenocideü§û
1365261805740785664,#mortescovid19
1365261805740785664,#covid19
1365261811642064902,#AndiRachmatikaDewi
1365261811642064902,#Cicu
1365261811642064902,#covid19
1365261811642064902,#FatmawatiRusdi
1365261831967813636,#mortescovid19
1365261831967813636,#covid19
1365261892655153153,#nouvelles
1365261895008219140,#BTS
1365261903140777990,#BTS
1365261973278121984,#Bayern3Racist
1365261979326296064,#Bayern3Racist
1365261999005970434,#vin
1365262011723046913,#Bayern3Racist
1365262073727315976,#Bayern3Racist
1365262134863671297,#ArtsAndEntertainment
1365262134863671297,#Asia
1365262134863671297,#BoxOfficeReceipts
1365262134863671297,#Brazil
1365262134863671297,#Business
1365262134863671297,#China
1365262134863671297,#Connecticut
1365262153847099392,#Bayern3Racist
1365262156237836291,#Bayern3Racist
1365262181722435589,#CoronavirusOutbreak
1365262181722435589,#coronavirus
1365262196708630529,#Bayern3Racist
1365262270297747457,#Bayern3Racist
1365262312714690562,#LongCovid
1365262312714690562,#Covid19
1365262312714690562,#SARSCoV2
1365262332033703939,#BTS
1365262412438528000,#MaskUp
1365262412438528000,#COVID19
1365262445443391488,#BTS
1365262461901950977,#Regiones
1365262461901950977,#MasAislamientoEs
1365262486451150848,#BTS
1365262491274645505,#Bayern3Racist
1365262520806739969,#BTS
1365262545259360259,#BTS
1365262561789247491,#Bayern3Racist
1365262563865481218,#RTLMatin
1365262578318991360,#Bayern3Racist
1365262588309868545,#Bayern3Racist
1365262595939328004,#Covid19
1365262677954732032,#BTS
1365262762188898307,#Bayern3Racist
1365262767536619522,#Confinement
1365262767536619522,#Coronavirus
1365262767536619522,#Virus
1365262806564577280,#Covid
1365262806564577280,#ImpeachmentDeBolsonaroUrgente
1365262810834489346,#Bayern3Racist
1365262822872129536,#BTS
1365262842434355204,#COVID19
1365262842434355204,#Mumbai
1365262847396229121,#Bayern3Racist
1365262864840294406,#covid19
1365262889532219393,#BTS
1365262900940705792,#pandemic2020
1365262900940705792,#coronavirus
1365262900940705792,#covid19
1365262900940705792,#foodindustry
1365262900940705792,#foodinstitute
1365262900940705792,#food
1365262900940705792,#beverage
1365262900940705792,#supplychain
1365263017957556225,#GroupeSABC
1365263017957556225,#Cameroun
1365263017957556225,#Cameroon
1365263017957556225,#COVID19
1365263040350851081,#Bayern3Apo
1365263132579528705,#Bayern3Racist
1365263132579528705,#Bayern3Apologize
1365263167195017217,#Coronavirus
1365263331217522689,#Bayern3Racist
1365263333042044929,#SARSCoV2
1365263353128525825,#Bayern3Racist
1365263355347431428,#virus
1365263355347431428,#covid19
1365263355347431428,#Coronavirus
1365263385227632644,#Regi√≥ndeMurcia
1365263489502044162,#lockdowns
1365263489502044162,#unconstitutional
1365263526600663044,#Bayern3Racist
1365263575665807362,#Bayern3Racist
1365263621895430151,#coronavirus
1365263621895430151,#coronsucks
1365263704779083778,#Bayern3Racist
1365263721405235200,#Bayern3Racist
1365263725494697990,#Bayern3Racist
1365263783434678279,#corona
1365263783434678279,#coronavirus
1365263783434678279,#mutant
1365263783434678279,#virus
1365263783434678279,#vaccintation
1365263783434678279,#covid19
1365263783434678279,#covid20
1365263783434678279,#covid21
1365263812165779456,#Cuba
1365263857380249600,#FCIM
1365263857380249600,#InterFans
1365263857380249600,#ForzaInter
1365263933880246277,#Bayern3Racist
1365263947281141761,#Bayern3Racist
1365263955954987011,#mutations
1365263955954987011,#SARSCoV2
1365263955954987011,#unibern
1365264011495960577,#Bayern3Racist
1365264015522484224,#Japan
1365264015522484224,#coronavirus
1365264015522484224,#COVID19
1365264015522484224,#lockdown
1365264164780969984,#GroupeSABC
1365264229213868039,#India
1365264229213868039,#SMI
1365264241327042560,#Bayern3Racist
1365264271328878593,#Bayern3Racist
1365264272423542788,#Bayern3Racist
1365264341545590788,#Bayern3Racist
1365264473888464899,#Bayern3Racist
1365264666742636546,#StarNews
1365264779355574275,#Bayern3Racist
1365264906254221320,#Bayern3Racist
1365264914709798913,#Bayern3Apo
1365265053482582016,#BTS
1365265078212169730,#BTS
1365265151079907331,#Bayern3Racist
1365265167613906951,#Bayern3Racist
1365265193371066371,#BTS
1365265228288716807,#Bayern3Racist
1365265295334596609,#BTS
1365265342251999234,#BTS
1365265369393422336,#BTS
1365265402360713216,#BTS
1365265463375237125,#Bayern3Racist
1365265483608567808,#Bayern3Racist
1365265513107095566,#Bayern3Racist
1365265558212640768,#Covid19
1365265677653835778,#Covid19
1365265746985558022,#Bayern3Apo
1365265754451554305,#BTS
1365265765188980736,#Draghi
1365265765188980736,#populismo
1365265765188980736,#giustizialismo
1365265765188980736,#demagogia
1365265765188980736,#falsit√†
1365265765188980736,#diffamazione
1365265839570714627,#Bayern3Racist
1365265910387326977,#coronavirus
1365265910387326977,#Brazil
1365265910387326977,#COVID19
1365265931216289793,#Covid19
1365265939437125632,#VaccinePassports
1365265957422260227,#RTLMatin
1365265993908424706,#Bayern3Apo
1365266059519922184,#Covishield
1365266060837027841,#Covid19
1365266060837027841,#PatriotasEnUnidad‚Äã
1365266060837027841,#Ej√©rcitoBolivarianoBicentenario
1365266060837027841,#FANB
1365266060837027841,#ArmaMaestra
1365266060837027841,#Venezuela
1365266064821657602,#COVID19
1365266064821657602,#CORRUPTESDEMERDA
1365266081758253060,#RKI
1365266081758253060,#COVID19
1365266081758253060,#coronavirus
1365266104914968576,#Bayern3Racist
1365266204315840513,#Bayern3Racist
1365266204840124420,#RTLMatin
1365266216953217027,#RKI
1365266216953217027,#COVID19
1365266258799771650,#Covid19VaccineReport
1365266290441658368,#Bayern3Racist
1365266297211265029,#RTLMatin
1365266317377380353,#BTS
1365266348071387139,#Covid19
1365266349757456385,#Bayern3Racist
1365266421471715328,#Bayern3Racist
1365266431420473344,#Bayern3Apo
1365266460252262405,#Covid19
1365266477549453316,#Feb25coup
1365266477549453316,#WhatsHappeningInMyanmar
1365266482641403909,#Covid
1365266485992644609,#VaccinePassports
1365266541869154304,#Bayern3Racist
1365266607858200578,#Covid19
1365266640426967040,#BTS
1365266695061864452,#IMDb
1365266714406092802,#asthmaticsatrisk
1365266778054664192,#BTS
1365266795804979201,#Bayern3Racist
1365266822501715973,#Bayern3Racist
1365266862863507462,#Covid19
1365267134679498754,#covid19
1365267136088858624,#COVID19
1365267136088858624,#CORRUPTESDEMERDA
1365267147568672769,#Bayern3Racist
1365267255068659718,#Covid19
1365267303374422018,#desabafo
1365267303374422018,#triste
1365267303374422018,#COVID19
1365267377018044423,#Japan
1365267401328230403,#Bayern3Racist
1365267502608097284,#VaccinePassports
1365267728953671682,#Bayern3Racist
1365267773019013122,#Japan
1365267784532439040,#Bayern3Racist
1365267807907233796,#Congress
1365267807907233796,#Senate
1365267807907233796,#Democrats
1365267807907233796,#GOP
1365267807907233796,#COVID19ReliefBill
1365267807907233796,#StimulusChecks
1365267807907233796,#NancyPelosi
1365267807907233796,#JanetYellen
1365267807907233796,#JoeBiden
1365267807907233796,#COVID19
1365267807907233796,#Economy
1365267807907233796,#SmallBusiness
1365267807907233796,#PPP
1365267807907233796,#UnemploymentBenefits
1365267807907233796,#StateAid
1365267807907233796,#Economy
1365267848470401026,#Bayern3Racist
1365267867554488325,#COVID19
1365267867554488325,#coronavirus
1365267876219936768,#SARSCoV2
1365267914287366145,#NM935
1365267935770664969,#Covid19
1365267993161302026,#RTLMatin
1365268025470054402,#pharma
1365268080444596225,#LeftWing
1365268080444596225,#Politics
1365268080444596225,#d
1365268286741635078,#WakeUpWi
1365268286741635078,#WKOW
1365268519286415360,#covid19ireland
1365268602610327552,#BTS
1365268644322627584,#COVID19
1365268644322627584,#UnrestrictedBioweapon
1365268760047857665,#BTS
1365268766884528130,#M√ºnchen
1365268766884528130,#CoronavirusF√§lle
1365268774782447617,#contagio
1365268774782447617,#coronavirus
1365268774782447617,#covid
1365268774782447617,#covid19
1365268774782447617,#matera
1365268774782447617,#potenza
1365268774782447617,#tampone
1365268774782447617,#virus
1365268808143790086,#BTS
1365268817006370819,#PulisMakadiyos
1365268817006370819,#WePrayAndHealAsOne
1365268817006370819,#WeAreOne
1365268843736821760,#Bayern3Racist
1365268862560841733,#Bayern3Racist
1365268883754676225,#Covid19
1365268919049736193,#RTLMatin
1365268945171668995,#BTS
1365268993309888515,#VodafoneTreats
1365269104341381122,#BTS
1365269123656253440,#COVID19
1365269123656253440,#CORRUPTESDEMERDA
1365269143205871617,#COVID19
1365269143205871617,#SARSCOV2
1365269143205871617,#COVID19
1365269143453368320,#BTS
1365269155843301376,#Bayern3Racist
1365269156313071617,#BTS
1365269167310467075,#BTS
1365269173744529412,#BTS
1365269175569027075,#BTS
1365269180010921984,#covid19
1365269197278732288,#BTS
1365269198218403841,#Covid19
1365269199841488899,#BTS
1365269208498634753,#COVID19
1365269208498634753,#SARSCOV2
1365269221698015235,#BTS
1365269223107256320,#BTS
1365269224973733888,#Covid19
1365269242489098244,#BTS
1365269253692088324,#BTS
1365269279025864704,#BTS
1365269291843551235,#BTS
1365269299384909828,#BTS
1365269315411456004,#Bayern3Racist
1365269320255737856,#BTS
1365269338211700736,#Covid19
1365269350572244998,#BTS
1365269350957998082,#BTS
1365269355756351492,#BTS
1365269360919543811,#BTS
1365269393647755268,#BTS
1365269413788811264,#BTS
1365269421413916673,#BTS
1365269443614490627,#BTS
1365269461251493893,#BTS
1365269484194451458,#BTS
1365269499272777729,#BTS
1365269517790826497,#COVID
1365269517790826497,#NYC
1365269525088907264,#BTS
1365269527391576068,#BTS
1365269559142453248,#COVID19
1365269576821350406,#BTS
1365269635281600514,#BTS
1365269647721967616,#BTS
1365269660212502537,#BTS
1365269683642003458,#VaccinePassports
1365269684606693378,#BTS
1365269693313945601,#BTS
1365269696828739592,#BTS
1365269708459544588,#BTS
1365269763195240448,#BTS
1365269776730324993,#Chile
1365269776730324993,#Israel
1365269788491186180,#BTS
1365269801581486082,#Bayern3Racist
1365269826487218176,#BTS
1365269837367283716,#Bayern3Racist
1365269854056513542,#RTLMatin
1365269860557668353,#BTS
1365269877913755656,#BTS
1365269881118199810,#BTS
1365269923400871937,#BTS
1365269953620959235,#LaPrevenci√≥nEsLaClave
1365269953620959235,#IAIM
1365269978853818373,#coron
1365269984449077250,#BTS
1365270015054925824,#failure
1365270015054925824,#CriticalConversations
1365270015054925824,#CriticalThinker
1365270016350842880,#BTS
1365270019618336769,#Bayern3Racist
1365270020041936896,#bayerngemeinsam
1365270020041936896,#impfung
1365270020041936896,#coronavirus
1365270064987926531,#BTS
1365270071547846662,#BTS
1365270076362956806,#BTS
1365270116963930114,#Covid19
1365270122437488640,#COVID19
1365270150069563395,#virus
1365270150069563395,#penitenziari
1365270150069563395,#si
1365270213701349383,#BTS
1365270257397620741,#AmericaLast
1365270261042278403,#BTS
1365270309394391042,#BTS
1365270328356728832,#BTS
