Tweet_ID,NER_Text,Start_Pos,Eng_Pos,NER_Label,Prob
1364938834224558082,mippcivzla,4,14,ORG,0.9921
1364938834224558082,coronavirus,65,76,MISC,1.0
1364938834224558082,covid-19,78,86,MISC,0.9998
1364938884019273728,dathosbd,4,12,ORG,0.9961
1364938884019273728,coronavirus covid19,14,33,MISC,0.993
1364938884019273728,espa√±a,38,44,LOC,0.9999
1364938884019273728,catalu√±a,83,91,LOC,1.0
1364938884019273728,comunidad de madrid,103,122,LOC,1.0
1364938914268602369,mercado huamantanga,62,81,LOC,0.9599
1364938914268602369,puentepiedra,102,114,LOC,0.9939
1364939043168002053,covid-19,32,40,MISC,0.9999
1364939043168002053,coronavirus,107,118,MISC,0.7859
1364939065213280260,covid-19,32,40,MISC,0.9999
1364939065213280260,coronavirus,107,118,MISC,0.8175
1364939067117420545,colombia,0,8,ORG,0.9995
1364939074331672577,eluniversocom,4,17,ORG,0.9985
1364939074331672577,municipio de guayaquil,22,44,ORG,0.9996
1364939088206454784,mippcivzla,4,14,ORG,0.9921
1364939088206454784,coronavirus,65,76,MISC,1.0
1364939088206454784,covid-19,78,86,MISC,0.9998
1364939088927801344,estados unidos,0,14,ORG,0.9999
1364939088927801344,g20,27,30,ORG,0.9939
1364939097886834696,telesurtv,4,13,ORG,0.9854
1364939097886834696,venezuela,15,24,LOC,0.9998
1364939121429532674,stop,79,83,MISC,0.5495
1364939121429532674,coronavirus,91,102,MISC,0.3465
1364939121429532674,covid,103,108,MISC,0.6237
1364939121429532674,espa√±a,109,115,LOC,0.9991
1364939121429532674,carolina darias,116,131,PER,0.9999
1364939121429532674,stop8m2021,156,166,MISC,0.8744
1364939121429532674,semenicolas,167,178,MISC,0.6238
1364939143911002115,especialcoronavirus,0,19,MISC,0.8692
1364939143911002115,csifnacional,23,35,ORG,0.9998
1364939143911002115,covid19,76,83,MISC,0.9999
1364939229650894849,covid-19,3,11,MISC,0.6601
1364939272109887488,"discourses on china in times of coronavirus""",36,100,MISC,0.9996
1364939309720158210,informativost5,4,18,ORG,0.9703
1364939322240212992,diarioojo,4,13,ORG,0.9816
1364939322240212992,huamantanga,85,96,LOC,0.9991
1364939322240212992,puentepiedra,117,129,LOC,0.9998
1364939341831811076,mippcivzla,4,14,ORG,0.9921
1364939341831811076,coronavirus,65,76,MISC,1.0
1364939341831811076,covid-19,78,86,MISC,0.9998
1364939423864000513,dathosbd,4,12,ORG,0.9961
1364939423864000513,coronavirus covid19,14,33,MISC,0.993
1364939423864000513,espa√±a,38,44,LOC,0.9999
1364939423864000513,catalu√±a,83,91,LOC,1.0
1364939423864000513,comunidad de madrid,103,122,LOC,1.0
1364939424866402304,espa√±a,31,37,LOC,1.0
1364939432885895171,covid-19,144,152,MISC,0.9999
1364939432885895171,sinoscuidamosavanzamos,238,260,MISC,0.999
1364939519246536704,latinus_us,4,14,ORG,0.8844
1364939519246536704,m√©xico,16,22,LOC,0.9998
1364939519246536704,covid19,65,72,MISC,0.9998
1364939519246536704,coronavirus latinus informaci√≥nparati,74,111,MISC,0.9484
1364939553778368514,covid,65,70,MISC,0.9998
1364939553778368514,cuid√©monosentretodos,227,247,MISC,0.9966
1364939659730710537,mippcivzla,4,14,ORG,0.9921
1364939659730710537,coronavirus,65,76,MISC,1.0
1364939659730710537,covid-19,78,86,MISC,0.9998
1364939690265243650,victoria abril,121,135,PER,0.9999
1364939690265243650,pandemia,242,250,MISC,0.7534
1364939710758543362,lopezdoriga,4,15,ORG,0.3396
1364939710758543362,m√©xico,59,65,LOC,1.0
1364939718555824130,frasesimple,4,15,ORG,0.9955
1364939725371367427,lima,18,22,LOC,0.9999
1364939725371367427,callao,25,31,LOC,0.9999
1364939725371367427,el comercio per√∫,85,101,ORG,0.9986
1364939725371367427,toquedequeda cuarentena,126,149,MISC,0.9995
1364939725371367427,toquedequedaenlima,150,168,MISC,0.8377
1364939725371367427,covid19,169,176,MISC,0.9494
1364939758967918592,mippcivzla,4,14,ORG,0.9921
1364939758967918592,coronavirus,65,76,MISC,1.0
1364939758967918592,covid-19,78,86,MISC,0.9998
1364939775266983940,saludtarapaca,4,17,ORG,0.8173
1364939775266983940,covid,84,89,MISC,0.9999
1364939780476309508,luiscarrillo66,4,18,PER,0.9118
1364939780476309508,per√∫,20,24,LOC,0.9999
1364939780476309508,produciresvencer,104,120,MISC,0.8633
1364939904124354561,eleconomistaes,4,18,ORG,0.6154
1364939940946206732,ondamadrid,4,14,ORG,0.9945
1364939940946206732,madrid,55,61,LOC,1.0
1364939940946206732,covid,85,90,PER,0.9998
1364939940946206732,italia,130,136,LOC,0.9999
1364939958939652097,moderna,12,19,ORG,0.9999
1364939959048806401,d√≠az ayuso,155,165,PER,0.9999
1364939969341640709,vanguardiacom,4,17,ORG,0.9994
1364939969341640709,ministerio de salud,43,62,ORG,0.9999
1364939972713664512,limanoticia,4,15,ORG,0.7263
1364939972713664512,lima,35,39,LOC,0.9999
1364939972713664512,callao,42,48,LOC,0.9999
1364939972713664512,el comercio per√∫,102,118,ORG,0.9996
1364939973552574474,limanoticia,4,15,ORG,0.7263
1364939973552574474,lima,35,39,LOC,0.9999
1364939973552574474,callao,42,48,LOC,0.9999
1364939973552574474,el comercio per√∫,102,118,ORG,0.9996
1364939973770706948,limanoticia,4,15,ORG,0.7263
1364939973770706948,lima,35,39,LOC,0.9999
1364939973770706948,callao,42,48,LOC,0.9999
1364939973770706948,el comercio per√∫,102,118,ORG,0.9996
1364939974077014018,covid-19,29,37,MISC,0.9999
1364939974077014018,bosleman,62,70,PER,0.9328
1364940001411289094,msalnacion,4,14,ORG,0.9644
1364940001411289094,covid19,26,33,MISC,0.9997
1364940001411289094,argentina,37,46,LOC,1.0
1364940006503178241,niusdiario,4,14,ORG,0.9271
1364940066544566280,telesurtv,4,13,ORG,0.9854
1364940066544566280,venezuela,15,24,LOC,0.9998
1364940081480552448,espa√±a,31,37,LOC,1.0
1364940112765853697,espa√±a,31,37,LOC,1.0
1364940163013632000,camilocnn,4,13,ORG,0.3203
1364940163013632000,johnson &,22,31,ORG,0.9841
1364940163013632000,; johnson,34,43,ORG,0.9089
1364940163013632000,fda,94,97,ORG,0.9999
1364940163013632000,cnn,108,111,ORG,0.9999
1364940165970558976,maestrapsuv,4,15,ORG,0.995
1364940165970558976,covid-19,20,28,MISC,0.9998
1364940201181724687,ave,4,7,ORG,0.9982
1364940201181724687,cyl,8,11,ORG,0.5367
1364940201181724687,telemadrid,31,41,ORG,0.9998
1364940201181724687,davidprensa,43,54,ORG,0.9996
1364940201181724687,madrid,126,132,LOC,1.0
1364940201181724687,cast,135,139,LOC,0.9998
1364940257368698885,lanacion,4,12,ORG,0.9981
1364940257368698885,covid,14,19,PER,0.8449
1364940257368698885,fabi√°n guti√©rrez,73,89,PER,1.0
1364940288419069953,lanacion,4,12,ORG,0.9989
1364940288419069953,covid,14,19,PER,0.9403
1364940289266352129,coronavirus,0,11,MISC,0.5087
1364940289266352129,jun√≠n,15,20,LOC,1.0
1364940335483338756,amnistiazamora,4,18,ORG,0.9518
1364940335483338756,la otra pandemia,46,62,MISC,0.9999
1364940335483338756,amnistiaespana,121,135,ORG,0.5697
1364940335483338756,la,136,138,MISC,0.5193
1364940341128941569,uci,20,23,ORG,0.9999
1364940341128941569,la rioja,79,87,LOC,1.0
1364940364742877186,camilocnn,4,13,ORG,0.3203
1364940364742877186,johnson &,22,31,ORG,0.9841
1364940364742877186,; johnson,34,43,ORG,0.9089
1364940364742877186,fda,94,97,ORG,0.9999
1364940364742877186,cnn,108,111,ORG,0.9999
1364940367141961731,minsalunaci√≥n,164,177,ORG,0.9683
1364940367141961731,plan,183,187,MISC,0.9996
1364940383071985665,mippcivzla,4,14,ORG,0.9921
1364940383071985665,coronavirus,65,76,MISC,1.0
1364940383071985665,covid-19,78,86,MISC,0.9998
1364940383977934856,diariocadiz,4,15,ORG,0.9061
1364940383977934856,c√°diz,29,34,LOC,0.9998
1364940383977934856,covid,105,110,MISC,0.9998
1364940394853789697,voceropr,4,12,ORG,0.8796
1364940414491512838,mippcivzla,4,14,ORG,0.9921
1364940414491512838,coronavirus,65,76,MISC,1.0
1364940414491512838,covid-19,78,86,MISC,0.9998
1364940429679017984,covid-19,0,8,MISC,0.9996
1364940429679017984,pfizer,11,17,ORG,0.9999
1364940456522579970,lanacion,4,12,ORG,0.9989
1364940456522579970,covid,14,19,PER,0.9403
1364940491599601668,gestionpe,4,13,ORG,0.9992
1364940491599601668,huamantanga,85,96,LOC,0.9997
1364940491599601668,puente piedra,117,130,LOC,0.9999
1364940501770764291,ronny,4,9,PER,0.9904
1364940501770764291,isla,10,14,LOC,0.9616
1364940506380308482,mippcivzla,4,14,ORG,0.9921
1364940506380308482,coronavirus,65,76,MISC,1.0
1364940506380308482,covid-19,78,86,MISC,0.9998
1364940511384133632,telesurtv,4,13,ORG,0.9854
1364940511384133632,venezuela,15,24,LOC,0.9998
1364940552412790786,hoymismotsi,4,15,ORG,0.9906
1364940552412790786,hoymismo honduras,17,34,ORG,0.9876
1364940552412790786,honduras,49,57,LOC,0.9998
1364940552412790786,covid-19,91,99,MISC,0.9998
1364940559610220544,covid-19,45,53,MISC,0.9996
1364940559610220544,cdmx,87,91,LOC,0.9998
1364940559610220544,policlinica dr salvador allende,103,135,LOC,0.9997
1364940628325502982,cnnee,4,9,ORG,1.0
1364940628325502982,johnson &,24,33,ORG,0.9998
1364940628325502982,; johnson,36,45,ORG,0.9977
1364940628325502982,fda,96,99,ORG,1.0
1364940792796749824,telesurtv,4,13,ORG,0.9854
1364940792796749824,venezuela,15,24,LOC,0.9998
1364940796143763460,covid-19,33,41,MISC,0.9998
1364940962603163656,cnnee,4,9,ORG,1.0
1364940962603163656,cuba,28,32,LOC,0.8596
1364940962603163656,miguel d√≠az-canel,34,51,PER,0.9999
1364940962603163656,"""soberana 02""",122,135,MISC,0.9992
1364941015652519943,gatellverguenzademexico,21,44,MISC,0.5015
1364941141112725507,mspuruguay,14,24,MISC,0.8715
1364941141112725507,udelar,46,52,MISC,0.9997
1364941141112725507,fda,218,221,ORG,0.9999
1364941141112725507,poscovid,240,248,MISC,0.9955
1364941151804026880,efenoticias,4,15,ORG,0.999
1364941151804026880,efetv,17,22,ORG,0.999
1364941151804026880,covid-19,25,33,MISC,0.9986
1364941151804026880,efe,88,91,ORG,0.9999
1364941287078715392,efectococuyo,4,16,ORG,0.9039
1364941287078715392,eldato venezuela,18,34,ORG,0.9881
1364941287078715392,covid19,84,91,MISC,0.9998
1364941324034707462,mippcivzla,4,14,ORG,0.9921
1364941324034707462,coronavirus,65,76,MISC,1.0
1364941324034707462,covid-19,78,86,MISC,0.9998
1364941431249506305,efenoticias,4,15,ORG,0.9998
1364941447401725953,efenoticias,4,15,ORG,0.9998
1364941487008604162,efenoticias,4,15,ORG,0.9998
1364941495187439619,mippcivzla,4,14,ORG,0.9921
1364941495187439619,coronavirus,65,76,MISC,1.0
1364941495187439619,covid-19,78,86,MISC,0.9998
1364941505060876288,gestionpe,4,13,ORG,0.9998
1364942670863474691,covid-19,35,43,MISC,0.7447
1364942670863474691,espa√±a,90,96,LOC,1.0
1364942670863474691,efe,159,162,ORG,0.9998
1364942678627074060,natgeoespana,4,16,ORG,0.8812
1364942695752470538,jatirado,4,12,ORG,0.5612
1364942695752470538,alemania,14,22,LOC,0.9983
1364942695752470538,coronavirus,23,34,MISC,0.9999
1364942695752470538,alemania,35,43,LOC,0.9997
1364942695752470538,covid-19,112,120,MISC,0.9999
1364942714530377728,cuerpohumano pandemiadecoronavirus,17,51,MISC,0.9975
1364942714530377728,coronavirus,52,63,MISC,0.9998
1364942865860874241,oms,25,28,ORG,0.9998
1364942921401778177,espa√±a,31,37,LOC,1.0
1364942928263720961,antonellacurad4,4,19,PER,0.9999
1364942949088448520,quieropoco,4,14,ORG,0.9075
1364942949088448520,amadeus,28,35,PER,0.8271
1364942949088448520,estados unidos,36,50,ORG,0.9997
1364943057804791816,bogot√°,0,6,LOC,0.9999
1364943057804791816,covid-19,49,57,MISC,0.9999
1364943057804791816,saludata,158,166,MISC,0.9972
1364943087978635264,lanacion,4,12,ORG,0.9981
1364943087978635264,covid,14,19,PER,0.8449
1364943087978635264,fabi√°n guti√©rrez,73,89,PER,1.0
1364943230672932865,am√©rica,0,7,ORG,0.9997
1364943230672932865,covid19  estrending,81,100,MISC,0.9999
1364943230752669704,coronavirus,0,11,MISC,0.9995
1364943230752669704,latinoam√©rica,93,106,LOC,1.0
1364943231373443072,onumujeresmx,4,16,ORG,0.8807
1364943231373443072,covid-19,106,114,MISC,0.9999
1364943238465916931,alemania,0,8,LOC,0.9996
1364943238465916931,coronavirus,9,20,MISC,0.9999
1364943238465916931,alemania,21,29,LOC,0.9986
1364943238465916931,covid-19,98,106,MISC,0.9999
1364943241443897347,jatirado,4,12,ORG,0.6391
1364943241443897347,alemania,17,25,LOC,0.9978
1364943241443897347,coronavirus,26,37,MISC,0.9999
1364943241443897347,alemania,38,46,LOC,0.9965
1364943241443897347,covid-19,115,123,MISC,0.9999
1364943251548028929,gestionpe,4,13,ORG,0.9998
1364943328387686400,efe,4,7,ORG,0.9997
1364943328387686400,cvalenciana,8,19,MISC,0.9737
1364943347798970376,organizaci√≥n mundial de la salud,26,58,ORG,0.9999
1364943349334040580,elcomercio,4,14,ORG,0.9986
1364943349334040580,peru,15,19,LOC,0.8885
1364943349334040580,ops,24,27,ORG,0.9995
1364943366203531269,efe,4,7,ORG,0.9997
1364943366203531269,cvalenciana,8,19,MISC,0.9737
1364943366451036165,onumujeresmx,4,16,ORG,0.8807
1364943366451036165,covid-19,106,114,MISC,0.9999
1364943392451526660,lanacion,4,12,ORG,0.9989
1364943392451526660,covid,14,19,PER,0.9403
1364943410092773380,organizaci√≥n mundial de la salud,26,58,ORG,0.9999
1364943412613574662,elcomercio,4,14,ORG,0.999
1364943412613574662,peru,15,19,LOC,0.5937
1364943412613574662,estados unidos,21,35,ORG,0.9998
1364943412613574662,johnson &,105,114,ORG,0.9998
1364943412613574662,; johnson,117,126,ORG,0.9985
1364943434730078211,victoria abril,0,14,PER,0.9999
1364943434730078211,covid,60,65,MISC,0.9999
1364943438475636741,covid,72,77,MISC,0.9998
1364943438475636741,periodicoam,107,118,ORG,0.9425
1364943519387947009,policiastander,4,18,ORG,0.5178
1364943559019831296,latinus_us,4,14,ORG,0.8844
1364943559019831296,m√©xico,16,22,LOC,0.9998
1364943559019831296,covid19,65,72,MISC,0.9998
1364943559019831296,coronavirus latinus informaci√≥nparati,74,111,MISC,0.9484
1364943563260391424,soyactualidad,4,17,ORG,0.9997
1364943563260391424,am√©rica,19,26,ORG,0.9991
1364943563260391424,covid-19,100,108,MISC,0.9999
1364943564820647937,maritzabuda22,4,17,PER,0.9709
1364943564820647937,corpivensa,19,29,MISC,0.9924
1364943564820647937,coronavirus,95,106,MISC,0.9999
1364943564820647937,covid-19,108,116,MISC,0.9999
1364943581446885384,alfredodarrigo,4,18,PER,0.9991
1364943581446885384,chile,20,25,ORG,0.8223
1364943587625041922,covid-19,0,8,MISC,0.9997
1364943587625041922,pfizer,11,17,ORG,0.9999
1364943591316082689,organizaci√≥n mundial de la salud,26,58,ORG,0.9999
1364943598526070787,cnnee,4,9,ORG,1.0
1364943598526070787,cuba,28,32,LOC,0.7699
1364943632600625152,coronavirus,0,11,MISC,0.9991
1364943632600625152,bbc,34,37,ORG,0.9999
1364943642801143814,mippcivzla,4,14,ORG,0.9921
1364943642801143814,coronavirus,65,76,MISC,1.0
1364943642801143814,covid-19,78,86,MISC,0.9998
1364943652011794436,natgeoespana,4,16,ORG,0.8812
1364943656453627905,elcomerciocom,4,17,ORG,0.9973
1364943657900638211,dathosbd,4,12,ORG,0.9961
1364943657900638211,coronavirus covid19,14,33,MISC,0.993
1364943657900638211,espa√±a,38,44,LOC,0.9999
1364943657900638211,catalu√±a,83,91,LOC,1.0
1364943657900638211,comunidad de madrid,103,122,LOC,1.0
1364943975212269581,covid-19,25,33,MISC,0.9999
1364943975212269581,m√©xico,37,43,LOC,1.0
1364943975212269581,m√©xico,168,174,LOC,1.0
1364943987212247040,baseballfor2day,4,19,ORG,0.9963
1364943987212247040,mlb,21,24,MISC,0.9869
1364943987212247040,andrew miller,26,39,PER,0.9998
1364943987212247040,coronavirus,67,78,MISC,0.9999
1364944020162695168,durhamhealthnc,4,18,ORG,0.9992
1364944024654602249,covid-19,1,9,MISC,0.9981
1364944024654602249,"""covid largo""",14,27,MISC,0.9997
1364944024654602249,oms,74,77,ORG,0.9995
1364944024654602249,coronavirus,79,90,MISC,0.9994
1364944030245740550,cgtnenespanol,4,17,ORG,0.6461
1364944030245740550,sinopharm,100,109,ORG,0.9999
1364944030245740550,argelia,118,125,LOC,1.0
1364944059505274887,gatellverguenzademexico,21,44,MISC,0.5015
1364944088253014026,gestionpe,4,13,ORG,0.9992
1364944088253014026,huamantanga,85,96,LOC,0.9997
1364944088253014026,puente piedra,117,130,LOC,0.9999
1364944097618853889,jatirado,4,12,ORG,0.6391
1364944097618853889,alemania,17,25,LOC,0.9978
1364944097618853889,coronavirus,26,37,MISC,0.9999
1364944097618853889,alemania,38,46,LOC,0.9965
1364944097618853889,covid-19,115,123,MISC,0.9999
1364944104774328322,jatirado,4,12,ORG,0.6391
1364944104774328322,alemania,17,25,LOC,0.9978
1364944104774328322,coronavirus,26,37,MISC,0.9999
1364944104774328322,alemania,38,46,LOC,0.9965
1364944104774328322,covid-19,115,123,MISC,0.9999
1364944163633045507,maestrapsuv,4,15,ORG,0.995
1364944163633045507,covid-19,20,28,MISC,0.9998
1364944178334076937,corea del norte,51,66,LOC,0.9999
1364944237100425227,mippcivzla,4,14,ORG,0.9921
1364944237100425227,coronavirus,65,76,MISC,1.0
1364944237100425227,covid-19,78,86,MISC,0.9998
1364944243693912072,sectorsalud,4,15,ORG,0.6182
1364944243693912072,bogot√°,17,23,LOC,0.9999
1364944243693912072,covid-19,66,74,MISC,0.9999
1364944283099406336,covid-19,33,41,MISC,0.9998
1364944337805664264,niusdiario,4,14,ORG,0.6234
1364944337805664264,victoria abril,16,30,PER,0.9999
1364944337805664264,feroz de honor 2021,39,58,MISC,0.9999
1364944338829082632,moderna,28,35,ORG,0.9998
1364944488783892492,elcomercio,4,14,ORG,0.9984
1364944488783892492,peru,15,19,LOC,0.9336
1364944488783892492,covid-19,21,29,MISC,0.9997
1364944488783892492,pfizer,32,38,ORG,0.9999
1364944488884367367,bol√≠var,14,21,LOC,0.7052
1364944488884367367,justo noguera,23,36,PER,0.9999
1364944488884367367,covid-19,115,123,MISC,0.9987
1364944488913805316,eldato,0,6,ORG,0.9659
1364944488913805316,gu√°rico,10,17,LOC,1.0
1364944488913805316,sputnik v,51,60,MISC,0.9999
1364944488913805316,gilibert gil,84,96,PER,0.9999
1364944488913805316,israel ranu√°rez balza,169,190,LOC,0.9998
1364944488913805316,san juan de los morros,194,216,LOC,0.9999
1364944519985266695,ourense,0,7,LOC,1.0
1364944519985266695,lugo,96,100,LOC,1.0
1364944519985266695,a coru√±a,107,115,LOC,0.9999
1364944519985266695,pontevedra,122,132,LOC,1.0
1364944521218428931,hugo l√≥pez-gatell,0,17,PER,0.9999
1364944521218428931,salud de m√©xico,36,51,MISC,0.9998
1364944632380022791,maestrapsuv,4,15,ORG,0.995
1364944632380022791,covid-19,20,28,MISC,0.9998
1364944646628012034,cnnee,4,9,ORG,1.0
1364944646628012034,hugo l√≥pez-gatell,11,28,PER,0.9999
1364944646628012034,salud de m√©xico,47,62,MISC,0.9998
1364944649593446402,ladiaria,4,12,ORG,0.9944
1364944649593446402,galicia,14,21,LOC,0.9898
1364944695646949384,cnnee,4,9,ORG,1.0
1364944695646949384,johnson &,24,33,ORG,0.9998
1364944695646949384,; johnson,36,45,ORG,0.9977
1364944695646949384,fda,96,99,ORG,1.0
1364944712004755456,pfizer,115,121,ORG,0.9999
1364944822478512130,generalitat,1,12,ORG,0.9892
1364944822478512130,ximopuig,14,22,ORG,0.9865
1364944822478512130,gvasanitat,24,34,ORG,0.9999
1364944822478512130,anabarcelochico,36,51,ORG,0.9987
1364944822478512130,generalitat,237,248,ORG,0.9935
1364944822478512130,ximopuig,250,258,ORG,0.9911
1364944822478512130,gvasanitat,260,270,ORG,0.9999
1364944822478512130,anabarcelochico,272,287,ORG,0.9988
1364944832611909641,cnnee,4,9,ORG,1.0
1364944832611909641,hugo l√≥pez-gatell,11,28,PER,0.9999
1364944832611909641,salud de m√©xico,47,62,MISC,0.9998
1364944834822307847,provincia,12,21,LOC,0.588
1364944834822307847,√°ngel gij√≥n,24,35,PER,0.9998
1364944834822307847,camaramotril,52,64,ORG,0.9999
1364944834822307847,covid19,96,103,LOC,0.9565
1364944834822307847,costatropical,159,172,LOC,0.9749
1364944834822307847,aytomotril,194,204,ORG,0.9986
1364944834822307847,ccgranada,206,215,ORG,0.9953
1364944834822307847,pepeentrena,218,229,ORG,0.9957
1364944834822307847,dipgra,231,237,ORG,0.9974
1364944844746031104,mippcivzla,4,14,ORG,0.9921
1364944844746031104,coronavirus,65,76,MISC,1.0
1364944844746031104,covid-19,78,86,MISC,0.9998
1364944868703940626,onumujeresmx,4,16,ORG,0.8807
1364944868703940626,covid-19,106,114,MISC,0.9999
1364944992163287046,oms,15,18,ORG,0.9996
1364944998752526340,mippcivzla,4,14,ORG,0.9921
1364944998752526340,coronavirus,65,76,MISC,1.0
1364944998752526340,covid-19,78,86,MISC,0.9998
1364945002607104006,mippcivzla,4,14,ORG,0.9921
1364945002607104006,coronavirus,65,76,MISC,1.0
1364945002607104006,covid-19,78,86,MISC,0.9998
1364945060509462530,oms,31,34,ORG,0.9998
1364945178004447233,mippcivzla,4,14,ORG,0.9921
1364945178004447233,coronavirus,65,76,MISC,1.0
1364945178004447233,covid-19,78,86,MISC,0.9998
1364945191271071745,mippcivzla,4,14,ORG,0.9921
1364945191271071745,coronavirus,65,76,MISC,1.0
1364945191271071745,covid-19,78,86,MISC,0.9998
1364945219121270795,oms,0,3,ORG,0.9997
1364945223386861570,diarioveahoy,4,16,ORG,0.9999
1364945223386861570,produciresvencer,99,115,MISC,0.6712
1364945233063129098,cnnee,4,9,ORG,1.0
1364945233063129098,hugo l√≥pez-gatell,11,28,PER,0.9999
1364945233063129098,salud de m√©xico,47,62,MISC,0.9998
1364945238150819845,cnnee,4,9,ORG,1.0
1364945238150819845,hugo l√≥pez-gatell,11,28,PER,0.9999
1364945238150819845,salud de m√©xico,47,62,MISC,0.9998
1364945432141590528,espa√±a,31,37,LOC,1.0
1364945433349480451,saludcolima,4,15,ORG,0.9847
1364945433349480451,covid19colima,25,38,MISC,0.9997
1364945433349480451,covid-19,117,125,MISC,0.9999
1364946462942105601,fmflorida89,4,15,ORG,0.5739
1364946462942105601,ministro de defensa,22,41,PER,0.9794
1364946462942105601,javiergarcia_uy,43,58,PER,0.9995
1364946462942105601,florida,67,74,LOC,1.0
1364946476498092035,el_universal,4,16,ORG,0.9967
1364946476498092035,mx,17,19,ORG,0.6705
1364946476498092035,moderna,21,28,ORG,0.9988
1364946497624829955,elperiodico,4,15,ORG,0.9987
1364946497624829955,victoria abril,18,32,PER,0.9999
1364946501777186826,hermanolobo17,4,17,PER,0.9923
1364946501777186826,leonor,24,30,PER,0.9999
1364946501777186826,elecnor,40,47,PER,0.9995
1364946501777186826,fundador,58,66,PER,0.9997
1364946501777186826,hipercor,80,88,PER,0.9992
1364946501777186826,dioses,106,112,PER,0.6025
1364946501777186826,ibex35,117,123,MISC,0.9994
1364946853754785792,telemadrid,21,31,ORG,0.9945
1364946853754785792,"""boom de madrid de teletrabajar",49,80,MISC,0.9565
1364946853754785792,"""",92,93,MISC,0.7849
1364946882053742593,colombia,0,8,ORG,0.9978
1364946894670225423,peru21noticias,4,18,ORG,0.8327
1364946894670225423,colombia,20,28,ORG,0.9992
1364946969601449994,covid-19,2,10,MISC,0.9991
1364946969601449994,villanueva del rosario,80,102,LOC,0.9999
1364946969601449994,junta de andaluc√≠a,140,158,ORG,0.9999
1364946969601449994,villanuevadelrosario,254,274,LOC,0.9885
1364946991718031371,hermanolobo17,4,17,PER,0.9923
1364946991718031371,leonor,24,30,PER,0.9999
1364946991718031371,elecnor,40,47,PER,0.9995
1364946991718031371,fundador,58,66,PER,0.9997
1364946991718031371,hipercor,80,88,PER,0.9992
1364946991718031371,dioses,106,112,PER,0.6025
1364946991718031371,ibex35,117,123,MISC,0.9994
1364946997434843149,latinus,4,11,MISC,0.8683
1364946997434843149,us,12,14,MISC,0.63
1364946997434843149,covid19,38,45,MISC,0.9998
1364946997434843149,coronavirus latinus informaci√≥nparat,99,135,MISC,0.6907
1364947020818055180,fransanlag,4,14,ORG,0.9986
1364947020818055180,covid,107,112,MISC,0.9998
1364947044415262730,sumariumcom,4,15,ORG,0.9997
1364947044415262730,pfizer-biontech,102,117,MISC,1.0
1364947069316837382,river el mu√±eco,0,15,ORG,0.9996
1364947069316837382,covid-19,110,118,MISC,0.9999
1364947069316837382,gallardo coronavirus,144,164,MISC,0.9998
1364947101608800268,mippcivzla,4,14,ORG,0.9921
1364947101608800268,coronavirus,65,76,MISC,1.0
1364947101608800268,covid-19,78,86,MISC,0.9998
1364947171418726412,gatellverguenzademexico,21,44,MISC,0.5015
1364947182143553541,valenv36763489,4,18,PER,0.7276
1364947182143553541,covid-19,21,29,MISC,0.9993
1364947182143553541,joe biden,31,40,PER,0.9997
1364947182143553541,eeuu,88,93,LOC,0.9962
1364947182143553541,coronavirus,112,123,MISC,0.9999
1364947191031300103,csic,4,8,ORG,0.9999
1364947191031300103,espa√±a,103,109,LOC,1.0
1364947192738443268,depoweb,4,11,ORG,0.995
1364947192738443268,river el mu√±eco,13,28,ORG,0.9998
1364947192738443268,covid-19,123,131,MISC,0.9998
1364947204851515399,bbc news mundo,17,31,ORG,0.9998
1364947204851515399,coronavirus,34,45,MISC,0.8691
1364947204851515399,covid-19,47,55,MISC,0.7186
1364947204851515399,china,98,103,LOC,0.9999
1364947217967161354,covid-19,25,33,MISC,0.9999
1364947217967161354,sonora,37,43,LOC,1.0
1364947217967161354,coronavirus,135,146,MISC,0.549
1364947232873717769,cnnee,4,9,ORG,1.0
1364947232873717769,centros para el control y prevenci√≥n de enfermedades,62,114,ORG,0.9999
1364947232873717769,cdc,116,119,ORG,0.9999
1364947240071163923,latinoam√©rica,0,13,LOC,0.9999
1364947240071163923,covid-19,46,54,MISC,0.9998
1364947240071163923,bill gates,76,86,PER,0.9999
1364947275970203653,mippcivzla,4,14,ORG,0.9921
1364947275970203653,coronavirus,65,76,MISC,1.0
1364947275970203653,covid-19,78,86,MISC,0.9998
1364947295440093195,mippcivzla,4,14,ORG,0.9921
1364947295440093195,coronavirus,65,76,MISC,1.0
1364947295440093195,covid-19,78,86,MISC,0.9998
1364947382543212554,fundacionftn,4,16,ORG,0.9985
1364947382543212554,vitamina d,128,138,MISC,0.9993
1364947406937231363,celaya,0,6,LOC,0.9998
1364947406937231363,cortazar,23,31,PER,0.9997
1364947406937231363,leon,38,42,LOC,1.0
1364947406937231363,irapuato,44,52,LOC,1.0
1364947406937231363,salamanca,54,63,LOC,1.0
1364947406937231363,celaya,65,71,LOC,0.9999
1364947406937231363,villagr√°n,74,83,LOC,1.0
1364947409407778832,andaluc√≠a,129,138,LOC,1.0
1364947419344101384,heraldodemexico,4,19,ORG,0.4194
1364947460964065280,celaya,0,6,LOC,0.9998
1364947460964065280,cortazar,23,31,PER,0.9997
1364947460964065280,leon,38,42,LOC,1.0
1364947460964065280,irapuato,44,52,LOC,1.0
1364947460964065280,salamanca,54,63,LOC,1.0
1364947460964065280,celaya,65,71,LOC,0.9999
1364947460964065280,villagr√°n,74,83,LOC,1.0
1364947489976176640,eduardoinda,1,12,PER,0.9716
1364947489976176640,juanjolacalle,14,27,PER,0.6768
1364947489976176640,covid 19,64,72,MISC,0.9999
1364947492312334337,latinus,4,11,MISC,0.8683
1364947492312334337,us,12,14,MISC,0.63
1364947492312334337,covid19,38,45,MISC,0.9998
1364947492312334337,coronavirus latinus informaci√≥nparat,99,135,MISC,0.6907
1364947627490557953,mippcivzla,4,14,ORG,0.9921
1364947627490557953,coronavirus,65,76,MISC,1.0
1364947627490557953,covid-19,78,86,MISC,0.9998
1364947659002433540,coperioja,4,13,ORG,0.9999
1364947659002433540,logro√±o,82,89,LOC,1.0
1364947683983712266,canaln,4,10,ORG,0.9912
1364947683983712266,oms,13,16,ORG,0.9998
1364947713004101648,elperiodico,4,15,ORG,0.9987
1364947713004101648,victoria abril,18,32,PER,0.9999
1364947780196839427,cnnee,4,9,ORG,1.0
1364947780196839427,centros para el control y prevenci√≥n de enfermedades,62,114,ORG,0.9999
1364947780196839427,cdc,116,119,ORG,0.9999
1364947811217911808,ministerio de salud p√∫blica,28,55,ORG,0.9999
1364947811217911808,covid-19,89,97,MISC,0.9998
1364947811217911808,elnuevodiariord,229,244,MISC,0.9418
1364947873197133833,efe,4,7,ORG,0.9997
1364947873197133833,cvalenciana,8,19,MISC,0.9737
1364947948623306753,t13,4,7,MISC,0.9002
1364947948623306753,coronavirus,9,20,MISC,0.9996
1364947948623306753,bbc,43,46,ORG,0.9999
1364947950061903873,mippcivzla,4,14,ORG,0.9921
1364947950061903873,coronavirus,65,76,MISC,1.0
1364947950061903873,covid-19,78,86,MISC,0.9998
1364947994353819650,informativost5,4,18,ORG,0.9703
1364948024057823234,nueva york,37,47,LOC,1.0
1364948024057823234,cnnee,77,82,ORG,1.0
1364948148213469184,atvnoticiasedici√≥nmatinal coronavirus,0,37,MISC,0.9998
1364948156379717642,atvnoticiasedici√≥nmatinal coronavirus,0,37,MISC,0.9998
1364948181654601735,corneliacinna,4,17,PER,0.9999
1364948181654601735,lareunionsecreta  mileniolive,19,48,MISC,0.9999
1364948181654601735,horizonte,63,72,MISC,0.9996
1364948181654601735,covid-19,76,84,MISC,0.9996
1364948303872487430,vacunacovid19gt,0,15,MISC,0.7092
1364948303872487430,salud,18,23,ORG,0.8078
1364948303872487430,covid-19,64,72,MISC,0.9999
1364948303872487430,israel,85,91,ORG,0.9703
1364948303872487430,salud,166,171,MISC,0.9981
1364948303872487430,coronavirus,235,246,MISC,0.9999
1364948316711223297,mippcivzla,4,14,ORG,0.9921
1364948316711223297,coronavirus,65,76,MISC,1.0
1364948316711223297,covid-19,78,86,MISC,0.9998
1364948326639140864,mippcivzla,4,14,ORG,0.9921
1364948326639140864,coronavirus,65,76,MISC,1.0
1364948326639140864,covid-19,78,86,MISC,0.9998
1364948358197088257,camilocnn,4,13,ORG,0.3203
1364948358197088257,johnson &,22,31,ORG,0.9841
1364948358197088257,; johnson,34,43,ORG,0.9089
1364948358197088257,fda,94,97,ORG,0.9999
1364948358197088257,cnn,108,111,ORG,0.9999
1364948370670895106,gabylevinas,1,12,PER,0.9984
1364948370670895106,quiros,28,34,LOC,0.9983
1364948370670895106,lanata,57,63,PER,0.9774
1364948398315552769,natgeoespana,4,16,ORG,0.8812
1364948410890149904,alfredodarrigo,4,18,PER,0.9991
1364948410890149904,chile,20,25,ORG,0.8223
1364948446587813901,mippcivzla,4,14,ORG,0.9921
1364948446587813901,coronavirus,65,76,MISC,1.0
1364948446587813901,covid-19,78,86,MISC,0.9998
1364948452480856064,telaviv,3,10,LOC,1.0
1364948452480856064,mercado shukcarmel,104,122,LOC,0.9726
1364948452480856064,israel,213,219,LOC,0.9999
1364948452480856064,itayblumental,225,238,ORG,0.792
1364948452480856064,ynetalerts,240,250,ORG,0.9927
1364948452480856064,telavivuni,252,262,ORG,0.9989
1364948501373849601,aytohuetortajar,4,19,ORG,0.9967
1364948501373849601,saludand,22,30,ORG,0.9968
1364948501373849601,covid-19,56,64,MISC,0.9997
1364948528246771715,luiscarrillo66,4,18,PER,0.9118
1364948528246771715,per√∫,20,24,LOC,0.9999
1364948528246771715,produciresvencer,104,120,MISC,0.8633
1364948539105828865,megtumaart,1,11,ORG,0.9052
1364948539105828865,camaradeputados,13,28,ORG,0.7524
1364948663383031808,doctortilde,4,15,PER,0.9249
1364948663383031808,covid-19,77,85,MISC,0.9962
1364948705317691395,moderna,0,7,ORG,0.9998
1364948705317691395,covid-19,79,87,MISC,0.9999
1364948705317691395,coronavirus vacunas,114,133,MISC,0.8547
1364948725781692418,bomberosforestales d andaluc√≠a,3,33,ORG,0.9993
1364948725781692418,emergencias,174,185,ORG,0.9918
1364948741069881349,mippcivzla,4,14,ORG,0.9921
1364948741069881349,coronavirus,65,76,MISC,1.0
1364948741069881349,covid-19,78,86,MISC,0.9998
1364948876898222086,mippcivzla,4,14,ORG,0.9921
1364948876898222086,coronavirus,65,76,MISC,1.0
1364948876898222086,covid-19,78,86,MISC,0.9998
1364948887790907402,maestrapsuv,4,15,ORG,0.995
1364948887790907402,covid-19,20,28,MISC,0.9998
1364948914294689796,informativost5,4,18,ORG,0.9703
1364949060260663305,elcomerciocom,4,17,ORG,0.9973
1364949064593403909,elcomercio,4,14,ORG,0.9993
1364949064593403909,peru,15,19,LOC,0.9925
1364949102082093075,metropolitano,39,52,MISC,0.9987
1364949102082093075,covid„Éº19,193,201,MISC,0.9937
1364949102082093075,usamascarilla,214,227,LOC,0.5543
1364949102082093075,lima,228,232,MISC,0.9912
1364949252099764232,elnuevodiariord,4,19,ORG,0.4915
1364949252099764232,ministerio de salud p√∫blica,49,76,ORG,0.9999
1364949252099764232,covid-19,110,118,MISC,0.9998
1364949258722508806,diarioveahoy,4,16,ORG,0.9999
1364949258722508806,produciresvencer,99,115,MISC,0.6712
1364949287466057734,ley de emergencia,19,36,MISC,0.9999
1364949287466057734,lacap,37,42,MISC,0.9996
1364949287466057734,koki,203,207,ORG,0.9973
1364950276990509065,diariocorreo,4,16,ORG,0.9956
1364950276990509065,covid-19,46,54,MISC,0.9998
1364950276990509065,nueva york,58,68,LOC,1.0
1364950294061342725,efenoticias,4,15,ORG,0.9998
1364950294728232967,telesurtv,4,13,ORG,0.9854
1364950294728232967,venezuela,15,24,LOC,0.9998
1364950504351166466,cnneprensa,4,14,ORG,0.9991
1364950504351166466,hugo l√≥pez-gatell,16,33,PER,0.9999
1364950504351166466,salud de m√©xico,52,67,MISC,0.9998
1364950504917336076,atvnoticiasedici√≥nmatinal coronavirus,0,37,MISC,0.9997
1364950504917336076,essalud,40,47,ORG,0.9995
1364950512345481222,soros,119,124,PER,0.9991
1364950512890691593,atvnoticiasedici√≥nmatinal coronavirus,0,37,MISC,0.9993
1364950512890691593,essalud,40,47,ORG,0.9995
1364950519580680198,informativost5,4,18,ORG,0.9703
1364950528107683851,atvnoticiasedici√≥nmatinal coronavirus,0,37,MISC,0.9994
1364950528107683851,essalud,40,47,ORG,0.9995
1364950631254024202,latinus_us,4,14,MISC,0.8795
1364950631254024202,china,16,21,LOC,0.993
1364950631254024202,covid19,67,74,MISC,0.9999
1364950631254024202,sinopharm,78,87,MISC,0.7715
1364950631254024202,cansino,90,97,MISC,0.9435
1364950631254024202,coronavirus latinus informaci√≥nparat,99,135,MISC,0.8558
1364950738384916485,gestionpe,4,13,ORG,0.9998
1364950743132893185,cnnee,4,9,ORG,1.0
1364950743132893185,cuba,28,32,LOC,0.7699
1364950832987443201,sandratvazteca,4,18,PER,0.998
1364950832987443201,indonesia,20,29,LOC,0.8843
1364950832987443201,covid-19,46,54,MISC,0.9998
1364950836238032896,antonellacurad4,4,19,PER,0.9999
1364950872208400384,humanidad,12,21,ORG,0.9915
1364950872208400384,pandemiacoronavirus,93,112,MISC,0.6462
1364950872208400384,coronavirus,144,155,MISC,0.9531
1364950872208400384,covid,156,161,MISC,0.9368
1364950872208400384,covid19,165,172,MISC,0.9305
1364950872208400384,consciencia,173,184,MISC,0.7907
1364950900800966669,mippcivzla,4,14,ORG,0.9921
1364950900800966669,coronavirus,65,76,MISC,1.0
1364950900800966669,covid-19,78,86,MISC,0.9998
1364950948506988552,covid,33,38,MISC,0.9998
1364950948506988552,granada,45,52,LOC,1.0
1364950948506988552,covid-19,69,77,MISC,0.9989
1364950948506988552,√°ngel gij√≥n,78,89,PER,0.9999
1364950948506988552,camaramotril   hilo,106,125,ORG,0.9987
1364950970787131396,brifpradotwit,4,17,ORG,0.9502
1364950970787131396,bomberosforestales,22,40,ORG,0.9998
1364950970787131396,andaluc√≠a,43,52,LOC,0.9998
1364950997483847684,texas,37,42,LOC,0.9999
1364950997483847684,covid-19,63,71,MISC,0.9998
1364951011576668169,pfizer,0,6,ORG,0.9999
1364951011576668169,covid-19,92,100,MISC,0.9999
1364951011576668169,coronavirus,103,114,MISC,0.9998
1364951011576668169,pfizer,117,123,ORG,0.9999
1364951011576668169,biontech,126,134,ORG,0.9999
1364951020175040517,mippcivzla,4,14,ORG,0.9921
1364951020175040517,coronavirus,65,76,MISC,1.0
1364951020175040517,covid-19,78,86,MISC,0.9998
1364951058833936392,covid-19,49,57,MISC,0.9999
1364951061698666497,coronavirus,0,11,MISC,0.9999
1364951061698666497,covid-19,49,57,MISC,0.9999
1364951078735917063,covid-19,26,34,MISC,0.9999
1364951078735917063,nueva york,48,58,LOC,1.0
1364951078735917063,fda,63,66,ORG,0.9999
1364951176001818630,sinae,4,9,ORG,0.9985
1364951176001818630,uruguay,56,63,LOC,1.0
1364951176001818630,monito,132,138,MISC,0.9993
1364951188907716608,salud p√∫blica,0,13,ORG,0.9997
1364951188907716608,covid-19,55,63,MISC,0.9997
1364951188907716608,radar24rd,95,104,MISC,0.9826
1364951188907716608,radar24h,105,113,MISC,0.9845
1364951188907716608,covid,131,136,MISC,0.9992
1364951188907716608,covid19,141,148,MISC,0.9961
1364951188907716608,coronavirus virus,149,166,MISC,0.9838
1364951188907716608,coronavirusenrd,167,182,MISC,0.9947
1364951188907716608,coronavirusrd,183,196,MISC,0.999
1364951193269792777,sandratvazteca,4,18,PER,0.998
1364951193269792777,indonesia,20,29,LOC,0.8843
1364951193269792777,covid-19,46,54,MISC,0.9998
1364951230628458496,per√∫,20,24,LOC,1.0
1364951230628458496,argentina,26,35,LOC,1.0
1364951230628458496,ecuador,38,45,LOC,1.0
1364951230628458496,verg√ºenza internacional,210,233,MISC,0.9009
1364951235338637316,bolivia,0,7,LOC,0.9998
1364951235338637316,covid-19,33,41,MISC,0.9999
1364951235338637316,china,45,50,LOC,0.9998
1364951235338637316,hispantv,53,61,ORG,0.9995
1364951248647127047,coronavirus partediario,0,23,MISC,0.9998
1364951255425114129,gvasanitat,7,17,ORG,0.9999
1364951255425114129,comunitat valenciana,59,79,LOC,1.0
1364951255425114129,casero,109,115,PER,0.9107
1364951255425114129,anndreapuch,121,132,PER,0.9519
1364951258864435205,amazonas,0,8,LOC,1.0
1364951258864435205,vocesysonidos,50,63,MISC,1.0
1364951397096120328,msalnacion,4,14,ORG,0.9644
1364951397096120328,covid19,26,33,MISC,0.9997
1364951397096120328,argentina,37,46,LOC,1.0
1364951408110411787,atvpe,4,9,ORG,0.9984
1364951408110411787,atvnoticiasedici√≥nmatinal coronavirus,11,48,MISC,0.9998
1364951408110411787,essalud,51,58,ORG,0.9995
1364951425856524299,efenoticias,4,15,ORG,0.9998
1364951453396312067,maestrapsuv,4,15,ORG,0.995
1364951453396312067,covid-19,20,28,MISC,0.9998
1364951548023955472,kinterano,4,13,ORG,0.9534
1364951548023955472,bolivia,20,27,LOC,0.9994
1364951548023955472,covid-19,53,61,MISC,0.9999
1364951548023955472,china,65,70,LOC,0.9994
1364951548023955472,hispantv,73,81,ORG,0.9981
1364951607755030539,coronavirus,0,12,MISC,0.9995
1364951607755030539,moderna,14,21,ORG,0.9998
1364951607755030539,covid-19,93,101,MISC,0.9999
1364951623911538698,cnnee,4,9,ORG,1.0
1364951623911538698,chile,11,16,LOC,0.9901
1364951623911538698,salud,95,100,MISC,0.9999
1364951652386693127,elcorreo,4,12,ORG,0.9983
1364951652386693127,euskadi,33,40,LOC,0.9998
1364951667477786626,covid-19,43,51,MISC,0.9999
1364951667477786626,m√©xico,55,61,LOC,1.0
1364951730782425089,delegaci√≥n del gobierno,31,54,ORG,0.9999
1364951730782425089,madrid,58,64,LOC,1.0
1364951762856247307,california,45,55,LOC,1.0
1364951763405701126,covid19,42,49,MISC,0.9999
1364951763405701126,jvalaball,74,83,PER,0.7879
1364951763405701126,twitter,136,143,MISC,0.9827
1364951763405701126,saludsinbulos,191,204,MISC,0.9824
1364951774784868373,bluradioco,4,14,ORG,0.9986
1364951774784868373,amazonas,16,24,LOC,0.9999
1364951774784868373,vocesysonidos,66,79,MISC,1.0
1364951781319573506,oms,0,3,ORG,0.9998
1364951782095519750,elcomerciocom,4,17,ORG,0.9973
1364951783873916937,bluradioco,4,14,ORG,0.9986
1364951783873916937,amazonas,16,24,LOC,0.9999
1364951783873916937,vocesysonidos,66,79,MISC,1.0
1364951787736883213,elperiodico,4,15,ORG,0.9987
1364951787736883213,victoria abril,18,32,PER,0.9999
1364951793239752704,levante,4,11,ORG,0.9986
1364951793239752704,gvasanitat,24,34,ORG,0.9998
1364951793239752704,comunitat valenciana,76,96,LOC,0.9999
1364951805331968010,covid-19,78,86,MISC,0.9998
1364951807630401539,guanajuato,66,76,LOC,1.0
1364951807919874054,covid-19,51,59,MISC,0.9997
1364951807919874054,coronavirus,85,96,MISC,0.7674
1364951807919874054,covid19 pandemia vacuna,97,120,MISC,0.9881
1364951937431519232,covid-19,18,26,MISC,0.9979
1364951937431519232,moderna,28,35,ORG,0.9943
1364951956758945811,pf,3,5,ORG,0.995
1364951956758945811,river,9,14,PER,0.86
1364951956758945811,covid-19,27,35,MISC,0.9997
1364951956758945811,pablo dolce,38,49,PER,0.9999
1364951980188323847,mippcivzla,4,14,ORG,0.9921
1364951980188323847,coronavirus,65,76,MISC,1.0
1364951980188323847,covid-19,78,86,MISC,0.9998
1364951984030306306,latinus_us,4,14,ORG,0.8844
1364951984030306306,m√©xico,16,22,LOC,0.9998
1364951984030306306,covid19,65,72,MISC,0.9998
1364951984030306306,coronavirus latinus informaci√≥nparati,74,111,MISC,0.9484
1364951995753316356,mippcivzla,4,14,ORG,0.9921
1364951995753316356,coronavirus,65,76,MISC,1.0
1364951995753316356,covid-19,78,86,MISC,0.9998
1364952085259833348,oms,31,34,ORG,0.9998
1364952116884893712,ministerio de salud de la naci√≥n,3,35,ORG,0.9999
1364952116884893712,monitor p√∫blico de vacunas,49,75,MISC,0.9999
1364952116884893712,covid-19,180,188,MISC,0.9998
1364952122555572224,codigoqro,4,13,PER,0.4661
1364952122555572224,secretar√≠a de salud del estado de quer√©taro,54,97,ORG,0.9998
1364952168390869000,honduras,3,11,LOC,1.0
1364952168390869000,tegucigalpa,93,104,LOC,0.9998
1364952168390869000,estados unidosla,106,122,LOC,0.9976
1364952168390869000,honduras,158,166,LOC,1.0
1364952180692770829,perunews,4,12,ORG,0.9997
1364952180692770829,pfizer,14,20,ORG,0.9999
1364952180692770829,covid-19,106,114,MISC,0.9998
1364952180692770829,coronavirus,117,128,MISC,0.9999
1364952180692770829,pfizer,131,137,ORG,0.9999
1364952250834186247,saludsinbulos,4,17,ORG,0.9951
1364952250834186247,covid19,61,68,MISC,0.9999
1364952250834186247,jvalaball,93,102,PER,0.7038
1364952267229700099,coronavirusnewv,4,19,ORG,0.9954
1364952267229700099,üá∫üá∏,21,23,LOC,0.7709
1364952267229700099,estados unidos,26,40,LOC,0.9752
1364952267229700099,nueva york,97,107,LOC,1.0
1364952278566895619,agenciaajn,4,14,ORG,0.8647
1364952278566895619,pfizer,60,66,MISC,0.9999
1364952278566895619,nejm,110,114,ORG,0.9361
1364952278566895619,new england journal,115,134,ORG,0.9977
1364952334040760323,antena3com,4,14,ORG,0.999
1364952334040760323,espejop√∫blico,16,29,ORG,0.6588
1364952334040760323,covid,92,97,PER,0.9999
1364952336565755915,covid-19,89,97,MISC,0.9998
1364952457772679185,el diablo,2,11,MISC,0.7259
1364952457772679185,covid,72,77,MISC,0.9893
1364952458011815940,covid-19,157,165,MISC,0.9999
1364952461316935684,cnnee,4,9,ORG,1.0
1364952461316935684,johnson &,24,33,ORG,0.9998
1364952461316935684,; johnson,36,45,ORG,0.9977
1364952461316935684,fda,96,99,ORG,1.0
1364952496934912008,mippcivzla,4,14,ORG,0.9921
1364952496934912008,coronavirus,65,76,MISC,1.0
1364952496934912008,covid-19,78,86,MISC,0.9998
1364952617949024267,maestrapsuv,4,15,ORG,0.995
1364952617949024267,covid-19,20,28,MISC,0.9998
1364952626371133447,mippcivzla,4,14,ORG,0.9921
1364952626371133447,coronavirus,65,76,MISC,1.0
1364952626371133447,covid-19,78,86,MISC,0.9998
1364952681777889282,montevideo,0,10,LOC,0.8428
1364952794126499849,navarra,0,7,LOC,0.9801
1364952794126499849,covid,48,53,MISC,0.9999
1364952794126499849,oms,189,192,ORG,0.9997
1364952818227040265,espn,4,8,ORG,0.9999
1364952818227040265,fdj,9,12,ORG,0.9999
1364952818227040265,inter,15,20,ORG,0.9999
1364952818227040265,covid19,49,56,MISC,0.9998
1364952857804480525,hermanolobo17,4,17,PER,0.9923
1364952857804480525,leonor,24,30,PER,0.9999
1364952857804480525,elecnor,40,47,PER,0.9995
1364952857804480525,fundador,58,66,PER,0.9997
1364952857804480525,hipercor,80,88,PER,0.9992
1364952857804480525,dioses,106,112,PER,0.6025
1364952857804480525,ibex35,117,123,MISC,0.9994
1364952867099070478,pablo dolce,0,11,PER,0.9999
1364952867099070478,covid-19,116,124,MISC,0.9998
1364952874455810058,seriea,0,6,MISC,0.9998
1364952874455810058,calcio,50,56,MISC,0.9979
1364952874455810058,tur√≠n,101,106,LOC,0.9999
1364952874455810058,covid-19,152,160,MISC,0.9998
1364952874455810058,torino sassuolo,186,201,ORG,0.9946
1364952981515476998,mippcivzla,4,14,ORG,0.9921
1364952981515476998,coronavirus,65,76,MISC,1.0
1364952981515476998,covid-19,78,86,MISC,0.9998
1364953007675346958,depoweb,4,11,ORG,0.9857
1364953007675346958,seriea,13,19,MISC,0.9999
1364953007675346958,calcio,63,69,MISC,0.9989
1364953007675346958,tur√≠n,114,119,LOC,0.9996
1364953009210458122,gatell,47,53,PER,0.9999
1364953017871708166,dathosbd,4,12,ORG,0.9961
1364953017871708166,coronavirus covid19,14,33,MISC,0.993
1364953017871708166,espa√±a,38,44,LOC,0.9999
1364953017871708166,catalu√±a,83,91,LOC,1.0
1364953017871708166,comunidad de madrid,103,122,LOC,1.0
1364953027904421896,covid-19,79,87,MISC,0.9999
1364953027904421896,comunitatvalenciana,145,164,LOC,0.9996
1364953027904421896,alfafar,167,174,MISC,0.9925
1364939147723628549,gdaniel,14,21,PER,0.7602
1364939147723628549,finlandia,64,73,LOC,0.9999
1364939147723628549,covid,246,251,MISC,0.9994
1364939147723628549,suecia,265,271,LOC,0.9999
1364938881251102721,fda,21,24,ORG,0.9999
1364938881251102721,covid,63,68,MISC,0.9999
1364938881251102721,johnson &,72,81,ORG,0.9995
1364938881251102721,; johnson,84,93,ORG,0.9966
1364939418797281281,carloselizondom,4,19,PER,0.9157
1364939418797281281,india,49,54,ORG,0.9994
1364939418797281281,indi,135,139,ORG,0.9997
1364939600335044611,fda,21,24,ORG,0.9999
1364939600335044611,covid,63,68,MISC,0.9999
1364939600335044611,johnson &,72,81,ORG,0.9995
1364939600335044611,; johnson,84,93,ORG,0.9966
1364940124430172160,fda,21,24,ORG,0.9999
1364940124430172160,covid,63,68,MISC,0.9999
1364940124430172160,johnson &,72,81,ORG,0.9995
1364940124430172160,; johnson,84,93,ORG,0.9966
1364940333193322503,ecdc,17,21,ORG,1.0
1364940333193322503,malta,126,131,LOC,0.998
1364943065580986374,gus,4,7,PER,0.9991
1364943065580986374,noriega,8,15,PER,0.9999
1364943065580986374,ee uu,65,71,LOC,0.9695
1364943111923912713,bigbrotherwatch,4,19,ORG,0.9972
1364943111923912713,michaelgove,28,39,PER,0.959
1364943111923912713,covid status certification,81,107,MISC,0.9999
1364943170556076037,mikeliturriaga,12,26,PER,0.7735
1364943170556076037,uk,59,61,LOC,0.9956
1364944035815776259,ilindelatorremd,4,19,ORG,0.9957
1364944179244204035,nytimes,84,91,ORG,0.9998
1364944288828825605,am√©rica del sur,107,122,LOC,0.9999
1364946154778157060,cnnee,4,9,ORG,1.0
1364946154778157060,cuba,28,32,LOC,0.7699
1364946331630985224,ilindelatorremd,4,19,ORG,0.9957
1364946515874222081,carloselizondom,4,19,PER,0.9157
1364946515874222081,india,49,54,ORG,0.9994
1364946515874222081,indi,135,139,ORG,0.9997
1364946912726638593,elfjcgc,4,11,ORG,0.9404
1364946912726638593,sudam√©rica,45,55,LOC,1.0
1364947241748885518,coronavirusnewv,4,19,MISC,0.6414
1364947241748885518,eeuu,24,28,LOC,0.9999
1364947241748885518,covid-19,72,80,MISC,0.9999
1364947624533622788,‚Äòvip immunization‚Äô,76,97,MISC,0.9833
1364947624533622788,south america,141,154,LOC,0.9974
1364947624533622788,//,162,165,MISC,0.9336
1364948107595833347,cnnee,4,9,ORG,1.0
1364948107595833347,cuba,28,32,LOC,0.8596
1364948107595833347,miguel d√≠az-canel,34,51,PER,0.9999
1364948107595833347,"""soberana 02""",122,135,MISC,0.9992
1364949851239243788,cuba,4,8,ORG,0.9994
1364949851239243788,latinoam√©rica,14,27,LOC,0.9999
1364949851239243788,cuba,42,46,ORG,0.9983
1364949851239243788,latinoam√©rica,54,67,LOC,0.9999
1364949851239243788,elam cubava,126,137,MISC,0.7579
1364950317981454337,eduardosuarez,4,17,PER,0.9678
1364950317981454337,nytimes,103,110,ORG,0.9998
1364950319214583810,astrazeneca,105,116,ORG,0.9999
1364950792550105093,astrazeneca,105,116,ORG,0.9999
1364950942983086092,carretwits,1,11,ORG,0.9703
1364950942983086092,netherrera,13,23,ORG,0.9662
1364950942983086092,pepillo,25,32,PER,0.9999
1364950942983086092,origel,33,39,PER,0.9992
1364951029444448266,alexandrajalva4,1,16,PER,0.9987
1364951029444448266,pmarsupia,18,27,MISC,0.3887
1364951474791415817,ilindelatorremd,4,19,ORG,0.9957
1364951691649507334,carloselizondom,4,19,PER,0.9157
1364951691649507334,india,49,54,ORG,0.9994
1364951691649507334,indi,135,139,ORG,0.9997
1364939023945498624,marilenbarcelo,4,18,PER,0.9992
1364939073077526530,puerto ordaz,71,83,LOC,0.9999
1364939073077526530,covid-19,99,107,MISC,0.5655
1364939217533628422,nolangar91,4,14,PER,0.976
1364939217533628422,venezuela,16,25,LOC,0.9998
1364939235787161607,mundial de clubes,33,50,MISC,0.9999
1364939237192204291,covid,18,23,PER,0.9935
1364939237192204291,quito,41,46,LOC,0.9999
1364939294536794114,smicrcpr,4,12,ORG,0.9998
1364939294536794114,covid-19,52,60,MISC,0.9999
1364939442218237957,covid,18,23,PER,0.9935
1364939442218237957,quito,41,46,LOC,0.9999
1364939502549151745,levante,4,11,ORG,0.9958
1364939502549151745,minervaminguez,18,32,PER,0.7765
1364939502549151745,fisabio,45,52,ORG,0.9995
1364939502549151745,uv,59,61,ORG,0.9998
1364939502549151745,eg,62,64,ORG,0.9996
1364939519137624068,esquinasoleada,1,15,ORG,0.8624
1364939519137624068,chindasvintolee,17,32,PER,0.4104
1364939519137624068,europapress,34,45,ORG,0.9994
1364939636745900039,alexcambiemos,4,17,ORG,0.9163
1364939636745900039,lysoform,58,66,MISC,0.9999
1364939661794287624,felipediniello,1,15,PER,0.9994
1364939661794287624,wolffwaldo,17,27,PER,0.4758
1364939661794287624,cristinavinacua,29,44,PER,0.9993
1364939661794287624,covid,81,86,MISC,0.9999
1364939661794287624,salvador,198,206,LOC,0.9997
1364939661794287624,cr√≥nica tv,235,245,ORG,0.9999
1364939701644361732,fernandovallada,4,19,PER,0.9957
1364939715896635394,covid,18,23,PER,0.9935
1364939715896635394,quito,41,46,LOC,0.9999
1364939735626616835,covid,11,16,MISC,0.9736
1364939735626616835,suecia,17,23,LOC,1.0
1364939795668099077,coronavid19,29,40,MISC,0.9901
1364939839368527881,porunpanammejo1,4,19,PER,0.9261
1364939839368527881,dr poison menguele,24,43,PER,0.9992
1364939839368527881,covid,89,94,MISC,0.9996
1364939936873533448,covid-19,65,73,MISC,0.9999
1364939936873533448,m√©xico,77,83,LOC,1.0
1364939949393530882,nolangar91,4,14,PER,0.976
1364939949393530882,venezuela,16,25,LOC,0.9998
1364940005555249158,covid,18,23,PER,0.9935
1364940005555249158,quito,41,46,LOC,0.9999
1364940139881971717,lolavid,4,11,ORG,0.9979
1364940206374346756,elperiodico,4,15,ORG,0.9992
1364940206374346756,coronavid19,46,57,MISC,0.9995
1364940218072260610,latrincheranic,4,18,ORG,0.9991
1364940218072260610,colegio alem√°n nicarag√ºense,20,47,ORG,0.9999
1364940218072260610,covid-19,103,111,MISC,0.9998
1364940295075471365,revistasemana,4,17,ORG,0.9991
1364940295075471365,ponerteenmodoprass,85,103,MISC,0.9997
1364940384451846149,covid,18,23,PER,0.9935
1364940384451846149,quito,41,46,LOC,0.9999
1364940402751660036,morillomarta,1,13,PER,0.4405
1364940402751660036,noeliacedo,15,25,PER,0.9981
1364940474033856518,radiopanama,0,11,ORG,0.9961
1364940474033856518,rt,88,90,MISC,0.9985
1364940474033856518,macarena herra,220,234,PER,0.9992
1364940474033856518,data covid,236,246,PER,0.9971
1364940548633681920,nolangar91,4,14,PER,0.976
1364940548633681920,venezuela,16,25,LOC,0.9998
1364940567487123456,ritaalberdi,4,15,PER,0.9866
1364940567487123456,covid,36,41,MISC,0.9998
1364940567487123456,raphael,118,125,PER,0.9981
1364940608868073473,nolangar91,4,14,PER,0.976
1364940608868073473,venezuela,16,25,LOC,0.9998
1364940808328216578,emmanueleesp,4,16,PER,0.992
1364940982203121664,ojo,4,7,ORG,0.9904
1364940982203121664,elecciones2021,17,31,MISC,0.9988
1364940982203121664,covid-19,80,88,MISC,0.9999
1364940985587937281,danterivasq,4,15,PER,0.7484
1364940985587937281,covid,69,74,MISC,0.9998
1364940985587937281,nuevaesparta,81,93,LOC,0.9998
1364941194908827650,nolangar91,4,14,PER,0.976
1364941194908827650,venezuela,16,25,LOC,0.9998
1364941281215066131,amallulla,4,13,ORG,0.8305
1364941281215066131,elecciones2021,20,34,MISC,0.9972
1364941281215066131,covid-19,83,91,MISC,0.9999
1364941295677018116,oms,42,45,ORG,0.9999
1364941295677018116,covid-19,110,118,MISC,0.9999
1364941332230393861,emmanueleesp,4,16,PER,0.992
1364941438635638790,europapress,18,29,ORG,0.9971
1364941438635638790,francia,72,79,LOC,1.0
1364941438635638790,covid,105,110,MISC,0.9998
1364941438635638790,espa√±a,114,120,LOC,0.9999
1364942685958787080,nolangar91,4,14,PER,0.976
1364942685958787080,venezuela,16,25,LOC,0.9998
1364942897783705601,nolangar91,4,14,PER,0.976
1364942897783705601,venezuela,16,25,LOC,0.9998
1364942921238200320,covid,42,47,MISC,0.9998
1364942921238200320,cayetanas,99,108,MISC,0.982
1364942921238200320,v,128,129,MISC,0.7497
1364942921238200320,x,130,131,MISC,0.7983
1364942994592444419,alfredodarrigo,4,18,PER,0.9991
1364942994592444419,chile,20,25,ORG,0.8223
1364943111592542209,diario24horas,4,17,ORG,0.9618
1364943111592542209,covid,130,135,ORG,0.5815
1364943230635139073,moderna,43,50,ORG,0.9997
1364943230635139073,covid-19,150,158,MISC,0.6972
1364943230635139073,sud√°frica,224,233,LOC,1.0
1364943231125979142,do√±a leonor,0,11,PER,0.9999
1364943231125979142,covid-19,118,126,MISC,0.9999
1364943231125979142,subredcentroori,135,150,ORG,0.9974
1364943262323249159,nolangar91,4,14,PER,0.976
1364943262323249159,venezuela,16,25,LOC,0.9998
1364943292354469892,ritaalberdi,4,15,PER,0.9866
1364943292354469892,covid,36,41,MISC,0.9998
1364943292354469892,raphael,118,125,PER,0.9981
1364943369982607363,miguel bos√©,23,34,PER,0.9999
1364943369982607363,victoria,37,45,PER,0.9723
1364943369982607363,covid 19,83,91,MISC,0.9998
1364943390467629056,nolangar91,4,14,PER,0.976
1364943390467629056,venezuela,16,25,LOC,0.9998
1364943425041293312,nolangar91,4,14,PER,0.976
1364943425041293312,venezuela,16,25,LOC,0.9998
1364943557455446021,secretar√≠a de salud,3,22,ORG,0.9999
1364943557455446021,m√©xico,69,75,LOC,1.0
1364943615680724992,marilenbarcelo,4,18,PER,0.9992
1364943997966442504,covid,18,23,PER,0.9935
1364943997966442504,quito,41,46,LOC,0.9999
1364944134482636809,alarconubaldo16,4,19,PER,0.9996
1364944134482636809,bogot√°,48,54,LOC,0.9999
1364944501593288713,nolangar91,4,14,PER,0.976
1364944501593288713,venezuela,16,25,LOC,0.9998
1364944849296850949,nolangar91,4,14,PER,0.976
1364944849296850949,venezuela,16,25,LOC,0.9998
1364945425451651089,iescolar,4,12,ORG,0.9502
1364945425451651089,uci,65,68,ORG,0.9232
1364945425451651089,covid,69,74,MISC,0.9932
1364946027619491841,nyt,30,33,ORG,0.9999
1364946027619491841,covid-19,183,191,MISC,0.9999
1364946503895285763,hc innovations,14,28,ORG,0.9999
1364946503895285763,paraguay,37,45,LOC,1.0
1364946503895285763,taffix,46,52,MISC,0.9999
1364946522371194886,robindelespacio,4,19,PER,0.9882
1364946522371194886,antiguo diur√©tico cura covid,22,50,MISC,0.9996
1364946717880299521,austrohngaro1,4,17,ORG,0.9229
1364946717880299521,s,47,48,MISC,0.5915
1364946717880299521,sars-cov-2,53,63,MISC,0.9997
1364946763145183239,transpfizer,4,15,ORG,0.9959
1364946763145183239,nipah,76,81,MISC,0.9998
1364946962525655041,nolangar91,4,14,PER,0.976
1364946962525655041,venezuela,16,25,LOC,0.9998
1364947059317555210,univ,4,8,ORG,0.9998
1364947059317555210,estados,9,16,ORG,0.724
1364947059317555210,secretar√≠a de salud,21,40,ORG,0.9999
1364947059317555210,m√©xico,87,93,LOC,1.0
1364947090007339008,ojo,4,7,ORG,0.9904
1364947090007339008,elecciones2021,17,31,MISC,0.9988
1364947090007339008,covid-19,80,88,MISC,0.9999
1364947106893602817,viczuri,4,11,PER,0.9961
1364947106893602817,covid-19,26,34,MISC,0.9997
1364947195959599106,latercera,4,13,ORG,0.9239
1364947195959599106,covid,15,20,PER,0.9994
1364947195959599106,salud,74,79,ORG,0.9931
1364947203509346310,nolangar91,4,14,PER,0.976
1364947203509346310,venezuela,16,25,LOC,0.9998
1364947240045928459,robindelespacio,4,19,PER,0.9882
1364947240045928459,antiguo diur√©tico cura covid,22,50,MISC,0.9996
1364947257137766401,nolangar91,4,14,PER,0.976
1364947257137766401,venezuela,16,25,LOC,0.9998
1364947334044483591,austrohngaro1,4,17,ORG,0.9229
1364947334044483591,s,47,48,MISC,0.5915
1364947334044483591,sars-cov-2,53,63,MISC,0.9997
1364947406996070402,navedelmisterio,4,19,ORG,0.4708
1364947409063841815,femtc,4,9,ORG,1.0
1364947468937494538,prsecseguridad,4,18,ORG,0.957
1364947614970609665,drantonioquispe,4,19,ORG,0.5121
1364947631336796162,neighborhoodhth,4,19,MISC,0.9007
1364947631336796162,alianza nacional de pastores hispanos,32,69,ORG,0.9999
1364947631336796162,nahpaa,72,78,ORG,1.0
1364947631336796162,esposas de pastores de am√©rica,86,116,ORG,0.9999
1364947695111127047,drantonioquispe,4,19,ORG,0.5121
1364947729139576837,lanacionpy,4,14,ORG,0.9993
1364947729139576837,@hcinnovationspy,30,46,ORG,0.8062
1364947729139576837,paraguay,55,63,LOC,1.0
1364947729139576837,taffix,64,70,MISC,0.9998
1364947834991235082,oms,42,45,ORG,0.9999
1364947834991235082,covid-19,110,118,MISC,0.9999
1364947893153636353,irenemontero,1,13,PER,0.9993
1364947893153636353,pabloiglesias,15,28,PER,0.9993
1364947893153636353,wuhan,130,135,MISC,0.9919
1364947893153636353,calva poyata,159,171,PER,0.9999
1364947893153636353,dar√≠as,197,203,PER,0.9994
1364948007939096590,drantonioquispe,4,19,ORG,0.5121
1364948018538172418,covid,109,114,MISC,0.9998
1364948018538172418,vac√∫nateny,209,219,MISC,0.9979
1364948093905600516,nolangar91,4,14,PER,0.976
1364948093905600516,venezuela,16,25,LOC,0.9998
1364948224495214607,efenoticias,4,15,ORG,0.9999
1364948224495214607,catalu√±a,46,54,LOC,1.0
1364948278945722369,coronavirus,101,112,MISC,1.0
1364948302911930380,covid,109,114,MISC,0.9998
1364948302911930380,vac√∫nateny,209,219,MISC,0.9971
1364948330493726723,austrohngaro1,4,17,ORG,0.9229
1364948330493726723,s,47,48,MISC,0.5915
1364948330493726723,sars-cov-2,53,63,MISC,0.9997
1364948372440944652,plandemia,8,17,MISC,0.5839
1364948372440944652,covid,29,34,MISC,0.9996
1364948372440944652,oms,50,53,ORG,0.9999
1364948383182565377,ritaalberdi,4,15,PER,0.9866
1364948383182565377,covid,36,41,MISC,0.9998
1364948383182565377,raphael,118,125,PER,0.9981
1364948408591613955,despiertamerica,4,19,ORG,0.9686
1364948408591613955,nueva york,98,108,LOC,1.0
1364948408591613955,fda,118,121,ORG,0.9999
1364948434734710789,periodicohoy,4,16,ORG,0.9859
1364948434734710789,elpa√≠shoy,18,27,ORG,0.9994
1364948481958416393,iescolar,4,12,ORG,0.9502
1364948481958416393,uci,65,68,ORG,0.9232
1364948481958416393,covid,69,74,MISC,0.9932
1364948490057625611,javimangal,4,14,ORG,0.7411
1364948526724218881,gabrielfust,4,15,ORG,0.4824
1364948527382749202,covid,109,114,MISC,0.9998
1364948527382749202,vac√∫nateny,209,219,MISC,0.9982
1364948537457471492,ritaalberdi,4,15,PER,0.9866
1364948537457471492,covid,36,41,MISC,0.9998
1364948537457471492,raphael,118,125,PER,0.9981
1364948702796910601,iescolar,4,12,ORG,0.9502
1364948702796910601,uci,65,68,ORG,0.9232
1364948702796910601,covid,69,74,MISC,0.9932
1364948884661952513,arroyomatteucc1,1,16,PER,0.5175
1364948884661952513,sida,45,49,MISC,0.9998
1364948884661952513,covid,138,143,MISC,0.9995
1364948884661952513,covid,148,153,MISC,0.9463
1364949197972246545,nolangar91,4,14,PER,0.976
1364949197972246545,venezuela,16,25,LOC,0.9998
1364949269917151237,oms,42,45,ORG,0.9999
1364949269917151237,covid-19,110,118,MISC,0.9999
1364949273385840649,a3noticias,1,11,ORG,0.9923
1364949273385840649,espejopublico,13,26,ORG,0.764
1364949276263129088,nolangar91,4,14,PER,0.976
1364949276263129088,venezuela,16,25,LOC,0.9998
1364949403551825920,navedelmisterio,4,19,ORG,0.4708
1364950267943354374,drantonioquispe,4,19,ORG,0.5121
1364950319814356996,robindelespacio,4,19,PER,0.9882
1364950319814356996,antiguo diur√©tico cura covid,22,50,MISC,0.9996
1364950331080257538,reny25519174,4,16,PER,0.9992
1364950331080257538,covid,54,59,MISC,0.9997
1364950358334840837,navedelmisterio,4,19,ORG,0.4708
1364950483551543296,covid,45,50,MISC,0.9996
1364950483551543296,catalunya,54,63,LOC,1.0
1364950483836801030,rancaguaponient,4,19,ORG,0.9994
1364950483836801030,pcr,30,33,MISC,0.9981
1364950483836801030,coronavirus,64,75,MISC,0.9999
1364950483836801030,rancagua,79,87,LOC,1.0
1364950498760097794,drantonioquispe,4,19,ORG,0.5121
1364950532390084609,benavidesguido,4,18,PER,0.9907
1364950532390084609,√±u√±oa,39,44,LOC,0.9981
1364950666028924937,guatemala,0,9,LOC,1.0
1364950666028924937,israel,83,89,ORG,0.9262
1364950694151782404,drantonioquispe,4,19,ORG,0.5121
1364950714892566531,raqueljoaira,4,16,PER,0.9394
1364950714892566531,"""",42,43,ORG,0.9492
1364950714892566531,el pa√≠s,43,50,ORG,0.5743
1364950849907212298,drantonioquispe,4,19,ORG,0.5121
1364950856446193664,magal72394012,4,17,PER,0.968
1364950907776073733,osiers59,4,12,ORG,0.9499
1364950907776073733,campoy,68,74,PER,0.9999
1364951011400568843,excelsior,4,13,ORG,0.9998
1364951011400568843,pfizer,19,25,ORG,0.9999
1364951011400568843,biontech,28,36,ORG,0.9999
1364951024881008647,nolangar91,4,14,PER,0.976
1364951024881008647,venezuela,16,25,LOC,0.9998
1364951031126388750,porunpanammejo1,4,19,PER,0.9261
1364951031126388750,dr poison menguele,24,43,PER,0.9992
1364951031126388750,covid,89,94,MISC,0.9996
1364951038470537230,om,27,29,ORG,0.9999
1364951038470537230,europa,36,42,LOC,1.0
1364951038470537230,hans henri p kluge,44,63,PER,0.9997
1364951038470537230,europa,160,166,LOC,1.0
1364951196675547138,drantonioquispe,4,19,ORG,0.5121
1364951251591565319,plandemia,8,17,MISC,0.5839
1364951251591565319,covid,29,34,MISC,0.9996
1364951251591565319,oms,50,53,ORG,0.9999
1364951356184928263,marilenbarcelo,4,18,PER,0.9992
1364951433842425864,excelsior,4,13,ORG,0.9998
1364951433842425864,pfizer,19,25,ORG,0.9999
1364951433842425864,biontech,28,36,ORG,0.9999
1364951503904071682,robindelespacio,4,19,PER,0.9882
1364951503904071682,antiguo diur√©tico cura covid,22,50,MISC,0.9996
1364951586406084611,covid,0,5,PER,0.9996
1364951586406084611,lanacion,113,121,ORG,0.9997
1364951606400331794,covid-19,26,34,MISC,0.9971
1364951606400331794,rd,38,40,LOC,0.9945
1364951606400331794,coronavirusrd pandemia virus covid,44,78,MISC,0.9438
1364951616273739786,drantonioquispe,4,19,ORG,0.5121
1364951644690133005,covid,0,5,MISC,0.9696
1364951644690133005,per√∫,56,60,LOC,1.0
1364951644690133005,gobierno,97,105,ORG,0.9904
1364951761006571520,covid,90,95,MISC,0.9999
1364951925905580033,sierra leone,0,12,LOC,0.9999
1364952004666212366,coronavirus,115,126,MISC,1.0
1364952004666212366,lorenzo mil√°,219,231,PER,1.0
1364952181816893457,victoria abril,0,14,PER,0.9999
1364952181816893457,coronavirus,51,62,MISC,1.0
1364952290403180559,coronavirus,48,59,MISC,0.9999
1364952290403180559,sigamosjuntosporfalc√≥n,163,185,MISC,0.7894
1364952290403180559,covid19,200,207,MISC,0.9973
1364952290403180559,willymedina8,221,233,PER,0.7355
1364952290403180559,nicolasmaduro,235,248,PER,0.9862
1364952290403180559,barberaministro,250,265,PER,0.9238
1364952295914561545,drantonioquispe,4,19,ORG,0.5121
1364952371051298828,eeuu,0,4,LOC,0.9983
1364952371051298828,fauci,8,13,PER,0.9997
1364952371051298828,eeuu,98,102,LOC,0.9991
1364952371051298828,covid19,181,188,MISC,0.9779
1364952371051298828,ccarballo50,222,233,ORG,0.8812
1364952371051298828,eeuu,234,238,LOC,0.7644
1364952371051298828,ema,240,243,ORG,0.9998
1364952371051298828,aempsgob,257,265,ORG,0.9998
1364952371051298828,pfizer,266,272,ORG,0.8728
1364952488378531854,excelsior,4,13,ORG,0.9998
1364952488378531854,pfizer,19,25,ORG,0.9999
1364952488378531854,biontech,28,36,ORG,0.9999
1364952655932641288,covid19,153,160,MISC,0.9981
1364952655932641288,colombia,161,169,LOC,0.9998
1364952655932641288,cuidarteescuidarnos,225,244,MISC,0.9912
1364952749226532888,raqueljoaira,4,16,PER,0.9394
1364952749226532888,"""",42,43,ORG,0.9492
1364952749226532888,el pa√≠s,43,50,ORG,0.5743
1364952816335396866,covid,162,167,MISC,0.9998
1364952819707609091,mbachelet,1,10,PER,0.9721
1364952819707609091,ddhh,115,119,MISC,0.996
1364952880365658122,p√©rez tornero,53,66,PER,0.9999
1364952880365658122,rtve,88,92,ORG,1.0
1364952880365658122,semana sant,127,138,MISC,0.9958
